country,countryLabel,article,site
http://www.wikidata.org/entity/Q2626014,Ruta Quetzal,https://en.wikipedia.org/wiki/Ruta_Quetzal,http://www.rutaquetzal.com
http://www.wikidata.org/entity/Q2383032,Chemistry Development Kit,https://en.wikipedia.org/wiki/Chemistry_Development_Kit,https://cdk.github.io/
http://www.wikidata.org/entity/Q2036542,South–North Water Transfer Project,https://en.wikipedia.org/wiki/South%E2%80%93North_Water_Transfer_Project,http://www.nsbd.gov.cn/
http://www.wikidata.org/entity/Q2035415,House of Responsibility,https://en.wikipedia.org/wiki/House_of_Responsibility,http://www.hrb.at
http://www.wikidata.org/entity/Q2447967,WikiReader,https://en.wikipedia.org/wiki/WikiReader,http://www.thewikireader.com/
http://www.wikidata.org/entity/Q2096586,Definition of Free Cultural Works,https://en.wikipedia.org/wiki/Definition_of_Free_Cultural_Works,http://freedomdefined.org/Definition
http://www.wikidata.org/entity/Q2096586,Definition of Free Cultural Works,https://en.wikipedia.org/wiki/Definition_of_Free_Cultural_Works,http://freedomdefined.org/Definition/De/1.0
http://www.wikidata.org/entity/Q3110764,Google Takeout,https://en.wikipedia.org/wiki/Google_Takeout,https://takeout.google.com/settings/takeout
http://www.wikidata.org/entity/Q3609933,openSUSE Project,https://en.wikipedia.org/wiki/The_openSUSE_Project,http://www.opensuse.org
http://www.wikidata.org/entity/Q3822124,Ceibal project,https://en.wikipedia.org/wiki/Ceibal_project,http://www.ceibal.org.uy
http://www.wikidata.org/entity/Q2986828,Common Locale Data Repository,https://en.wikipedia.org/wiki/Common_Locale_Data_Repository,http://cldr.unicode.org/
http://www.wikidata.org/entity/Q3944788,Event Horizon Telescope,https://en.wikipedia.org/wiki/Event_Horizon_Telescope,https://eventhorizontelescope.org/
http://www.wikidata.org/entity/Q3137984,General History of Africa,https://en.wikipedia.org/wiki/General_History_of_Africa,https://en.unesco.org/general-history-africa
http://www.wikidata.org/entity/Q3137984,General History of Africa,https://en.wikipedia.org/wiki/General_History_of_Africa,https://fr.unesco.org/general-history-africa
http://www.wikidata.org/entity/Q2974764,Cité de la Mer,https://en.wikipedia.org/wiki/Cit%C3%A9_de_la_Mer,http://www.citedelamer.com/
http://www.wikidata.org/entity/Q3113655,Player Project,https://en.wikipedia.org/wiki/Player_Project,http://playerstage.sourceforge.net
http://www.wikidata.org/entity/Q3398729,Portable Antiquities Scheme,https://en.wikipedia.org/wiki/Portable_Antiquities_Scheme,http://www.finds.org.uk/
http://www.wikidata.org/entity/Q4040827,Human Epigenome Project,https://en.wikipedia.org/wiki/Human_Epigenome_Project,http://www.epigenome.org/
http://www.wikidata.org/entity/Q4035956,Celtica: Journal of the School of Celtic Studies,https://en.wikipedia.org/wiki/Celtica:_Journal_of_the_School_of_Celtic_Studies,https://www.dias.ie/celt/celtica/
http://www.wikidata.org/entity/Q388,Linux,https://en.wikipedia.org/wiki/Linux,https://www.kernel.org/
http://www.wikidata.org/entity/Q965136,Shuttle Radar Topography Mission,https://en.wikipedia.org/wiki/Shuttle_Radar_Topography_Mission,https://www2.jpl.nasa.gov/srtm/
http://www.wikidata.org/entity/Q1007059,GNU Savannah,https://en.wikipedia.org/wiki/GNU_Savannah,http://savannah.gnu.org
http://www.wikidata.org/entity/Q1007059,GNU Savannah,https://en.wikipedia.org/wiki/GNU_Savannah,http://savannah.nongnu.org
http://www.wikidata.org/entity/Q1132493,Core fonts for the Web,https://en.wikipedia.org/wiki/Core_fonts_for_the_Web,http://www.microsoft.com/typography/fonts/default.aspx
http://www.wikidata.org/entity/Q1147211,Project Cybersyn,https://en.wikipedia.org/wiki/Project_Cybersyn,http://www.cybersyn.cl/
http://www.wikidata.org/entity/Q978963,Degree Confluence Project,https://en.wikipedia.org/wiki/Degree_Confluence_Project,https://confluence.org
http://www.wikidata.org/entity/Q1139107,Virtual Shtetl,https://en.wikipedia.org/wiki/Virtual_Shtetl,http://www.sztetl.org.pl
http://www.wikidata.org/entity/Q912155,da Vinci Project,https://en.wikipedia.org/wiki/Da_Vinci_Project,http://www.davinciproject.com/
http://www.wikidata.org/entity/Q11368,Unix,https://en.wikipedia.org/wiki/Unix,http://opengroup.org/unix
http://www.wikidata.org/entity/Q1537656,Google Earth Outreach,https://en.wikipedia.org/wiki/Google_Earth_Outreach,https://www.google.com/earth/outreach/index.html
http://www.wikidata.org/entity/Q1397257,FasTracks,https://en.wikipedia.org/wiki/FasTracks,http://www.rtd-fastracks.com/
http://www.wikidata.org/entity/Q1348097,Erasmus+,https://en.wikipedia.org/wiki/Erasmus%2B,https://ec.europa.eu/programmes/erasmus-plus/node_en
http://www.wikidata.org/entity/Q1463840,Tango Desktop Project,https://en.wikipedia.org/wiki/Tango_Desktop_Project,http://tango.freedesktop.org/
http://www.wikidata.org/entity/Q1637597,MIT OpenCourseWare,https://en.wikipedia.org/wiki/MIT_OpenCourseWare,http://ocw.mit.edu/
http://www.wikidata.org/entity/Q1193341,eTwinning,https://en.wikipedia.org/wiki/ETwinning,https://www.etwinning.net/en/pub/index.htm
http://www.wikidata.org/entity/Q1193341,eTwinning,https://en.wikipedia.org/wiki/ETwinning,https://www.etwinning.net/fr/pub/index.htm
http://www.wikidata.org/entity/Q1550475,Rosetta Project,https://en.wikipedia.org/wiki/Rosetta_Project,https://www.rosettaproject.org
http://www.wikidata.org/entity/Q49700,European Route of Industrial Heritage,https://en.wikipedia.org/wiki/European_Route_of_Industrial_Heritage,http://www.erih.net/fr/bienvenue.html
http://www.wikidata.org/entity/Q15657,Oxygen Project,https://en.wikipedia.org/wiki/Oxygen_Project,https://techbase.kde.org/Projects/Oxygen/
http://www.wikidata.org/entity/Q14579,Linux kernel,https://en.wikipedia.org/wiki/Linux_kernel,https://www.kernel.org
http://www.wikidata.org/entity/Q85129,Totnes pound,https://en.wikipedia.org/wiki/Totnes_pound,http://www.totnespound.org/
http://www.wikidata.org/entity/Q131723,bitcoin,https://en.wikipedia.org/wiki/Bitcoin,https://bitcoin.org
http://www.wikidata.org/entity/Q109888,Fedora Project,https://en.wikipedia.org/wiki/Fedora_Project,https://getfedora.org/
http://www.wikidata.org/entity/Q155311,Voyager program,https://en.wikipedia.org/wiki/Voyager_program,https://voyager.jpl.nasa.gov/
http://www.wikidata.org/entity/Q183507,International Society for Human Rights,https://en.wikipedia.org/wiki/International_Society_for_Human_Rights,http://www.menschenrechte.de/
http://www.wikidata.org/entity/Q189021,TED conferences,https://en.wikipedia.org/wiki/TED_(conference),https://ted.com
http://www.wikidata.org/entity/Q164786,1000 Genomes Project,https://en.wikipedia.org/wiki/1000_Genomes_Project,http://www.internationalgenome.org/
http://www.wikidata.org/entity/Q217082,Internet Engineering Task Force,https://en.wikipedia.org/wiki/Internet_Engineering_Task_Force,https://www.ietf.org/
http://www.wikidata.org/entity/Q230036,jQuery,https://en.wikipedia.org/wiki/JQuery,https://jquery.com/
http://www.wikidata.org/entity/Q387790,African Great Green Wall,https://en.wikipedia.org/wiki/Great_Green_Wall_(Africa),http://www.grandemurailleverte.org/
http://www.wikidata.org/entity/Q310917,freedesktop.org,https://en.wikipedia.org/wiki/Freedesktop.org,https://www.freedesktop.org/wiki/
http://www.wikidata.org/entity/Q314049,Industrial Heritage Trail,https://en.wikipedia.org/wiki/Industrial_Heritage_Trail,http://www.route-industriekultur.ruhr/
http://www.wikidata.org/entity/Q368960,Vision Zero,https://en.wikipedia.org/wiki/Vision_Zero,https://www.vision-zero-oncology.de
http://www.wikidata.org/entity/Q430573,Southeastern Anatolia Project,https://en.wikipedia.org/wiki/Southeastern_Anatolia_Project,http://www.gap.gov.tr/
http://www.wikidata.org/entity/Q522644,SABRE,https://en.wikipedia.org/wiki/SABRE_(rocket_engine),https://www.reactionengines.co.uk/sabre
http://www.wikidata.org/entity/Q604063,World Register of Marine Species,https://en.wikipedia.org/wiki/World_Register_of_Marine_Species,http://www.marinespecies.org
http://www.wikidata.org/entity/Q442744,LiMux,https://en.wikipedia.org/wiki/LiMux,https://www.muenchen.de/rathaus/Stadtverwaltung/Direktorium/LiMux.html
http://www.wikidata.org/entity/Q488065,United Nations Volunteers,https://en.wikipedia.org/wiki/United_Nations_Volunteers,https://www.unv.org/
http://www.wikidata.org/entity/Q541858,Angola International Airport,https://en.wikipedia.org/wiki/Angola_International_Airport,http://www.enana.co.ao/portugues/Paginas/default.aspx
http://www.wikidata.org/entity/Q552944,Ethnos360,https://en.wikipedia.org/wiki/Ethnos360,https://ethnos360.org/
http://www.wikidata.org/entity/Q749719,Turner Classic Movies,https://en.wikipedia.org/wiki/Turner_Classic_Movies,http://www.tcm.com
http://www.wikidata.org/entity/Q749719,Turner Classic Movies,https://en.wikipedia.org/wiki/Turner_Classic_Movies,https://www.tcmuk.tv/
http://www.wikidata.org/entity/Q647931,Argo,https://en.wikipedia.org/wiki/Argo_(oceanography),http://www.argo.ucsd.edu/
http://www.wikidata.org/entity/Q770350,MOSE,https://en.wikipedia.org/wiki/MOSE,https://www.mosevenezia.eu
http://www.wikidata.org/entity/Q853860,Red Bull Stratos,https://en.wikipedia.org/wiki/Red_Bull_Stratos,http://www.redbullstratos.com/
http://www.wikidata.org/entity/Q848091,D.A.R.E.,https://en.wikipedia.org/wiki/Drug_Abuse_Resistance_Education,https://dare.org/
http://www.wikidata.org/entity/Q823422,National Film Registry,https://en.wikipedia.org/wiki/National_Film_Registry,https://www.loc.gov/programs/national-film-preservation-board/film-registry/
http://www.wikidata.org/entity/Q776951,Everything2,https://en.wikipedia.org/wiki/Everything2,https://everything2.com/
http://www.wikidata.org/entity/Q16002666,Alpheios Project,https://en.wikipedia.org/wiki/Alpheios_Project,https://alpheios.net/
http://www.wikidata.org/entity/Q15114892,Project Ara,https://en.wikipedia.org/wiki/Project_Ara,http://www.projectara.com/
http://www.wikidata.org/entity/Q15999983,STEP Bible,https://en.wikipedia.org/wiki/STEP_Bible,https://www.stepbible.org/
http://www.wikidata.org/entity/Q14018439,Man and the Biosphere Programme,https://en.wikipedia.org/wiki/Man_and_the_Biosphere_Programme,https://en.unesco.org/mab
http://www.wikidata.org/entity/Q16203480,The Beatles Complete On Ukulele,https://en.wikipedia.org/wiki/The_Beatles_Complete_On_Ukulele,http://thebeatlescompleteonukulele.com/
http://www.wikidata.org/entity/Q16335163,Identifiers.org,https://en.wikipedia.org/wiki/Identifiers.org,http://identifiers.org
http://www.wikidata.org/entity/Q13463146,Loon,https://en.wikipedia.org/wiki/Loon_LLC,https://loon.com/
http://www.wikidata.org/entity/Q15129009,Black Women Oral History Project,https://en.wikipedia.org/wiki/Black_Women_Oral_History_Project,https://www.radcliffe.harvard.edu/schlesinger-library/collection/black-women-oral-history-project
http://www.wikidata.org/entity/Q16783523,Ethereum,https://en.wikipedia.org/wiki/Ethereum,https://www.ethereum.org
http://www.wikidata.org/entity/Q6805470,Media Cloud,https://en.wikipedia.org/wiki/Media_Cloud,https://mediacloud.org
http://www.wikidata.org/entity/Q7085556,Older People for Older People,https://en.wikipedia.org/wiki/Older_People_for_Older_People,http://www.o4os.eu
http://www.wikidata.org/entity/Q7132608,Paper Clips Project,https://en.wikipedia.org/wiki/Paper_Clips_Project,http://www.oneclipatatime.org/paper-clips-project/
http://www.wikidata.org/entity/Q7395253,SYDI,https://en.wikipedia.org/wiki/SYDI,http://sydiproject.com/
http://www.wikidata.org/entity/Q7395253,SYDI,https://en.wikipedia.org/wiki/SYDI,http://sydiproject.com/products/sydi-server/
http://www.wikidata.org/entity/Q12014467,Gluster,https://en.wikipedia.org/wiki/Gluster,http://www.gluster.org/
http://www.wikidata.org/entity/Q6972293,National Digital Newspaper Program,https://en.wikipedia.org/wiki/National_Digital_Newspaper_Program,https://www.loc.gov/ndnp/
http://www.wikidata.org/entity/Q7395300,SYeLP,https://en.wikipedia.org/wiki/SYeLP,http://www.syelp.org/
http://www.wikidata.org/entity/Q7764762,The Slave Route Project,https://en.wikipedia.org/wiki/The_Slave_Route_Project,https://en.unesco.org/themes/fostering-rights-inclusion/slave-route
http://www.wikidata.org/entity/Q7073086,OTELO,https://en.wikipedia.org/wiki/OTELO,http://gtc-osiris.blogspot.com/
http://www.wikidata.org/entity/Q7437999,Scottish Ten,https://en.wikipedia.org/wiki/Scottish_Ten,http://www.scottishten.org
http://www.wikidata.org/entity/Q7739799,The History of Parliament,https://en.wikipedia.org/wiki/The_History_of_Parliament,http://www.historyofparliamentonline.org
http://www.wikidata.org/entity/Q7800352,Tiber Valley Project,https://en.wikipedia.org/wiki/Tiber_Valley_Project,http://www.bsr.ac.uk/research/archaeology/completed-projects/tiber-valley-project
http://www.wikidata.org/entity/Q7890844,United States Newspaper Program,https://en.wikipedia.org/wiki/United_States_Newspaper_Program,https://www.neh.gov/us-newspaper-program
http://www.wikidata.org/entity/Q8042642,XXXchurch.com,https://en.wikipedia.org/wiki/XXXchurch.com,http://triplexchurch.com/
http://www.wikidata.org/entity/Q8042642,XXXchurch.com,https://en.wikipedia.org/wiki/XXXchurch.com,http://www.xxxchurch.com
http://www.wikidata.org/entity/Q6858898,Millennium Mathematics Project,https://en.wikipedia.org/wiki/Millennium_Mathematics_Project,http://mmp.maths.org
http://www.wikidata.org/entity/Q7313069,Renew,https://en.wikipedia.org/wiki/EU_Project_Renew,http://www.renew-fuel.com/home.php
http://www.wikidata.org/entity/Q7717653,The Big Green Bus,https://en.wikipedia.org/wiki/The_Big_Green_Bus,http://www.thebiggreenbus.com
http://www.wikidata.org/entity/Q7907498,VROC,https://en.wikipedia.org/wiki/VROC,http://www.vroc.ca
http://www.wikidata.org/entity/Q7946263,WAASPS,https://en.wikipedia.org/wiki/WAASPS,http://www.waasps.com
http://www.wikidata.org/entity/Q8210435,Aves Argentinas,https://en.wikipedia.org/wiki/Aves_Argentinas,http://www.avesargentinas.org.ar
http://www.wikidata.org/entity/Q12881012,Ellinikon Metropolitan Park,https://en.wikipedia.org/wiki/Hellenikon_Metropolitan_Park,https://theellinikon.com.gr/
http://www.wikidata.org/entity/Q7305434,Redalyc,https://en.wikipedia.org/wiki/Redalyc,http://www.redalyc.org/
http://www.wikidata.org/entity/Q7756033,The Papers of Abraham Lincoln,https://en.wikipedia.org/wiki/The_Papers_of_Abraham_Lincoln,http://www.papersofabrahamlincoln.org
http://www.wikidata.org/entity/Q7969856,Warp3D,https://en.wikipedia.org/wiki/Warp3D,http://download.haage-partner.de/Amiga/3DWorld/
http://www.wikidata.org/entity/Q6963975,Nano City,https://en.wikipedia.org/wiki/Nano_City,http://nanocity.com
http://www.wikidata.org/entity/Q7095988,Open Content Project,https://en.wikipedia.org/wiki/Open_Content_Project,http://www.opencontent.org
http://www.wikidata.org/entity/Q7268458,Quagga Project,https://en.wikipedia.org/wiki/Quagga_Project,http://www.quaggaproject.org/
http://www.wikidata.org/entity/Q7393083,Soil Survey Geographic database,https://en.wikipedia.org/wiki/SSURGO,https://www.nrcs.usda.gov/wps/portal/nrcs/detail/soils/survey/geo/?cid=nrcs142p2_053627
http://www.wikidata.org/entity/Q16927668,The Guardian Project,https://en.wikipedia.org/wiki/Guardian_Project_(software),https://guardianproject.info/
http://www.wikidata.org/entity/Q17085130,Deworm the World Initiative,https://en.wikipedia.org/wiki/Deworm_the_World_Initiative,http://evidenceaction.org/
http://www.wikidata.org/entity/Q17637401,RISC-V,https://en.wikipedia.org/wiki/RISC-V,https://riscv.org/
http://www.wikidata.org/entity/Q16933471,Prague Student Summit,https://en.wikipedia.org/wiki/Prague_Student_Summit,https://www.studentsummit.cz/
http://www.wikidata.org/entity/Q16978209,NaCl,https://en.wikipedia.org/wiki/NaCl_(software),https://nacl.cr.yp.to/
http://www.wikidata.org/entity/Q16976002,Southern California Seismic Network,https://en.wikipedia.org/wiki/Southern_California_Seismic_Network,https://www.scsn.org/
http://www.wikidata.org/entity/Q17076369,Friend of the Sea,https://en.wikipedia.org/wiki/Friend_of_the_Sea,https://friendofthesea.org
http://www.wikidata.org/entity/Q17076369,Friend of the Sea,https://en.wikipedia.org/wiki/Friend_of_the_Sea,https://friendofthesea.org/it/
http://www.wikidata.org/entity/Q17076369,Friend of the Sea,https://en.wikipedia.org/wiki/Friend_of_the_Sea,https://friendofthesea.org/fr/
http://www.wikidata.org/entity/Q17076369,Friend of the Sea,https://en.wikipedia.org/wiki/Friend_of_the_Sea,https://friendofthaesea.org/pt-pt/
http://www.wikidata.org/entity/Q17076369,Friend of the Sea,https://en.wikipedia.org/wiki/Friend_of_the_Sea,https://friendofthesea.org/ar/
http://www.wikidata.org/entity/Q17076369,Friend of the Sea,https://en.wikipedia.org/wiki/Friend_of_the_Sea,https://friendofthesea.org/es/
http://www.wikidata.org/entity/Q17524891,lowRISC,https://en.wikipedia.org/wiki/LowRISC,http://www.lowrisc.org/
http://www.wikidata.org/entity/Q17014312,A Folk Song A Day,https://en.wikipedia.org/wiki/A_Folk_Song_A_Day,http://www.afolksongaday.com
http://www.wikidata.org/entity/Q17078772,Mapping L.A.,https://en.wikipedia.org/wiki/Mapping_L.A.,https://maps.latimes.com/neighborhoods/
http://www.wikidata.org/entity/Q18206066,CodeCamp,https://en.wikipedia.org/wiki/CodeCamp,https://www.kainos.com/careers/students/codecamp
http://www.wikidata.org/entity/Q18748957,Civil Rights and Restorative Justice Project,https://en.wikipedia.org/wiki/Civil_Rights_and_Restorative_Justice_Project,https://crrj.org/
http://www.wikidata.org/entity/Q18397758,Project 5-100,https://en.wikipedia.org/wiki/Project_5-100,http://5top100.ru
http://www.wikidata.org/entity/Q18434395,NARCIS,https://en.wikipedia.org/wiki/NARCIS_(Netherlands),http://www.narcis.nl/
http://www.wikidata.org/entity/Q18542599,CRAIC CR929,https://en.wikipedia.org/wiki/CRAIC_CR929,http://english.comac.cc/products/WideBody/
http://www.wikidata.org/entity/Q18572818,Gridcoin,https://en.wikipedia.org/wiki/Gridcoin,https://gridcoin.us/
http://www.wikidata.org/entity/Q19597236,Fast Healthcare Interoperability Resources,https://en.wikipedia.org/wiki/Fast_Healthcare_Interoperability_Resources,http://www.fhir.org/
http://www.wikidata.org/entity/Q19605500,Global Digital Format Registry,https://en.wikipedia.org/wiki/Global_Digital_Format_Registry,http://library.harvard.edu/preservation/digital-preservation_gdfr.html
http://www.wikidata.org/entity/Q19867977,Starlink,https://en.wikipedia.org/wiki/Starlink,https://www.starlink.com/
http://www.wikidata.org/entity/Q19952603,NameExoWorlds,https://en.wikipedia.org/wiki/NameExoWorlds,http://www.nameexoworlds.iau.org/
http://www.wikidata.org/entity/Q19960532,Football for Friendship,https://en.wikipedia.org/wiki/Football_for_Friendship,https://www.gazprom.com/social/supporting-sports/projects/football-for-friendship/
http://www.wikidata.org/entity/Q20501872,929 - Bible Together,https://en.wikipedia.org/wiki/929:_Tanakh_B%27yachad,http://www.929.org.il
http://www.wikidata.org/entity/Q23938218,Flussbad Berlin (Project),https://en.wikipedia.org/wiki/Flussbad_Berlin_(Project),https://www.flussbad-berlin.de/
http://www.wikidata.org/entity/Q21986042,Epigraphia 3D,https://en.wikipedia.org/wiki/Epigraphia_3D,http://epigraphia3d.es
http://www.wikidata.org/entity/Q22906516,Athena SWAN,https://en.wikipedia.org/wiki/Athena_SWAN,https://www.ecu.ac.uk/equality-charters/athena-swan/
http://www.wikidata.org/entity/Q21052000,InterPARES Project,https://en.wikipedia.org/wiki/InterPARES_Project,http://www.interpares.org
http://www.wikidata.org/entity/Q22079937,Missing Maps,https://en.wikipedia.org/wiki/Missing_Maps,https://www.missingmaps.org/
http://www.wikidata.org/entity/Q21014316,Future Circular Collider,https://en.wikipedia.org/wiki/Future_Circular_Collider,https://fcc.web.cern.ch/
http://www.wikidata.org/entity/Q21644350,Nord Stream 2,https://en.wikipedia.org/wiki/Nord_Stream_2,https://www.nord-stream2.com/
http://www.wikidata.org/entity/Q21779079,North Carolina Highway Historical Marker Program,https://en.wikipedia.org/wiki/North_Carolina_Highway_Historical_Marker_Program,https://www.ncdcr.gov/about/history/division-historical-resources/nc-highway-historical-marker-program
http://www.wikidata.org/entity/Q20011486,YODA Project,https://en.wikipedia.org/wiki/YODA_Project,http://yoda.yale.edu/
http://www.wikidata.org/entity/Q21660680,National Technological Initiative,https://en.wikipedia.org/wiki/National_Technological_Initiative,http://www.nti2035.ru
http://www.wikidata.org/entity/Q22909822,World Forum for Democracy,https://en.wikipedia.org/wiki/World_Forum_for_Democracy,https://www.coe.int/fr/web/world-forum-democracy/
http://www.wikidata.org/entity/Q20502288,Zikaron BaSalon,https://en.wikipedia.org/wiki/Zikaron_BaSalon,http://www.zikaronbasalon.com/
http://www.wikidata.org/entity/Q20502288,Zikaron BaSalon,https://en.wikipedia.org/wiki/Zikaron_BaSalon,https://www.zikaronbasalon.org/
http://www.wikidata.org/entity/Q24680163,Women's Torah Project,https://en.wikipedia.org/wiki/Women%27s_Torah_Project,http://www.womenstorah.com/
http://www.wikidata.org/entity/Q46092234,American Art Collaborative,https://en.wikipedia.org/wiki/American_Art_Collaborative,http://americanartcollaborative.org/
http://www.wikidata.org/entity/Q27926880,Skrypin.ua,https://en.wikipedia.org/wiki/Skrypin.ua,http://skrypin.ua
http://www.wikidata.org/entity/Q24289654,Pepper&Carrot,https://en.wikipedia.org/wiki/Pepper%26Carrot,https://peppercarrot.com
http://www.wikidata.org/entity/Q27949537,EU NanoSafety Cluster,https://en.wikipedia.org/wiki/EU_NanoSafety_Cluster,http://www.nanosafetycluster.eu/
http://www.wikidata.org/entity/Q28000212,Primitive Technology,https://en.wikipedia.org/wiki/Primitive_Technology,https://primitivetechnology.wordpress.com
http://www.wikidata.org/entity/Q28721441,HX Programme,https://en.wikipedia.org/wiki/HX_Fighter_Program,https://puolustusvoimat.fi/en/hx-fighter-program
http://www.wikidata.org/entity/Q28721441,HX Programme,https://en.wikipedia.org/wiki/HX_Fighter_Program,https://puolustusvoimat.fi/hx-hanke
http://www.wikidata.org/entity/Q28721441,HX Programme,https://en.wikipedia.org/wiki/HX_Fighter_Program,https://puolustusvoimat.fi/sv/hx-jaktplansprojekt
http://www.wikidata.org/entity/Q30688675,Holbeck Viaduct Project,https://en.wikipedia.org/wiki/Holbeck_Viaduct_Project,http://holbeckviaduct.org.uk/
http://www.wikidata.org/entity/Q30590523,OpenEVSE,https://en.wikipedia.org/wiki/OpenEVSE,https://www.openevse.com/
http://www.wikidata.org/entity/Q30594930,Plastic Pollution Coalition,https://en.wikipedia.org/wiki/Plastic_Pollution_Coalition,https://www.plasticpollutioncoalition.org/
http://www.wikidata.org/entity/Q25189296,Who Funds You?,https://en.wikipedia.org/wiki/Who_Funds_You%3F,http://whofundsyou.org/
http://www.wikidata.org/entity/Q30588589,Open Container Initiative,https://en.wikipedia.org/wiki/Open_Container_Initiative,https://www.opencontainers.org
http://www.wikidata.org/entity/Q24963016,United Nations Free & Equal,https://en.wikipedia.org/wiki/United_Nations_Free_%26_Equal,https://www.unfe.org/en/about
http://www.wikidata.org/entity/Q29051497,European Open Science Cloud,https://en.wikipedia.org/wiki/European_Open_Science_Cloud,http://eosc-hub.eu
http://www.wikidata.org/entity/Q28401396,ArbNet,https://en.wikipedia.org/wiki/ArbNet,https://ArbNet.org
http://www.wikidata.org/entity/Q29279836,OpenCitations,https://en.wikipedia.org/wiki/OpenCitations,https://opencitations.net/
http://www.wikidata.org/entity/Q25106053,OpenAIRE,https://en.wikipedia.org/wiki/OpenAIRE,https://www.openaire.eu
http://www.wikidata.org/entity/Q28957081,WebGPU,https://en.wikipedia.org/wiki/WebGPU,https://webgpu.io/
http://www.wikidata.org/entity/Q30590662,Climate Mirror,https://en.wikipedia.org/wiki/Climate_Mirror,http://climatemirror.org/
http://www.wikidata.org/entity/Q50843747,Bizkaia Talent,https://en.wikipedia.org/wiki/Bizkaia_Talent,https://www.bizkaiatalent.eus/
http://www.wikidata.org/entity/Q50827126,Cosmic-Ray Extremely Distributed Observatory,https://en.wikipedia.org/wiki/Cosmic-Ray_Extremely_Distributed_Observatory,https://api.credo.science
http://www.wikidata.org/entity/Q50827126,Cosmic-Ray Extremely Distributed Observatory,https://en.wikipedia.org/wiki/Cosmic-Ray_Extremely_Distributed_Observatory,https://credo.science/
http://www.wikidata.org/entity/Q55632234,SPARC,https://en.wikipedia.org/wiki/SPARC_(tokamak),https://www.psfc.mit.edu/sparc
http://www.wikidata.org/entity/Q55629901,Photo Ark,https://en.wikipedia.org/wiki/The_Photo_Ark,https://www.nationalgeographic.org/projects/photo-ark/
http://www.wikidata.org/entity/Q55408718,Solid,https://en.wikipedia.org/wiki/Solid_(web_decentralization_project),https://solidproject.org/
http://www.wikidata.org/entity/Q55696286,Data Transfer Project,https://en.wikipedia.org/wiki/Data_Transfer_Project,http://datatransferproject.dev
http://www.wikidata.org/entity/Q55696286,Data Transfer Project,https://en.wikipedia.org/wiki/Data_Transfer_Project,https://datatransferproject.dev
http://www.wikidata.org/entity/Q48860940,Comcept,https://en.wikipedia.org/wiki/COMCEPT,http://comcept.org/
http://www.wikidata.org/entity/Q55290870,Tezos,https://en.wikipedia.org/wiki/Tezos,https://tezos.com/
http://www.wikidata.org/entity/Q55625412,North American Mycoflora Project,https://en.wikipedia.org/wiki/Fungal_Diversity_Survey,http://www.northamericanmycoflora.org/
http://www.wikidata.org/entity/Q55630549,Project Jupyter,https://en.wikipedia.org/wiki/Project_Jupyter,https://jupyter.org/
http://www.wikidata.org/entity/Q47528328,National Platform Open Science,https://en.wikipedia.org/wiki/National_Platform_Open_Science,https://www.openscience.nl/
http://www.wikidata.org/entity/Q56279524,Kartarpur Corridor,https://en.wikipedia.org/wiki/Kartarpur_Corridor,https://www.etpb.gov.pk/kartarpur-corridor/
http://www.wikidata.org/entity/Q56279524,Kartarpur Corridor,https://en.wikipedia.org/wiki/Kartarpur_Corridor,https://prakashpurb550.mha.gov.in
http://www.wikidata.org/entity/Q60674974,Fridays for Future,https://en.wikipedia.org/wiki/School_Strike_for_Climate,https://fridaysforfuturebrasil.org
http://www.wikidata.org/entity/Q60674974,Fridays for Future,https://en.wikipedia.org/wiki/School_Strike_for_Climate,https://www.fridaysforfuture.org
http://www.wikidata.org/entity/Q59339175,draw.io,https://en.wikipedia.org/wiki/Diagrams.net,https://about.draw.io/
http://www.wikidata.org/entity/Q59339175,draw.io,https://en.wikipedia.org/wiki/Diagrams.net,https://www.diagrams.net/
http://www.wikidata.org/entity/Q59754452,Black in AI,https://en.wikipedia.org/wiki/Black_in_AI,https://blackinai.github.io/
http://www.wikidata.org/entity/Q101071330,Clean Network Project,https://en.wikipedia.org/wiki/The_Clean_Network,https://www.state.gov/the-clean-network/
http://www.wikidata.org/entity/Q103891530,150 women in 150 words,https://en.wikipedia.org/wiki/150_women_in_150_words,https://www.royalsociety.org.nz/150th-anniversary/150-women-in-150-words/
http://www.wikidata.org/entity/Q103462225,"Social Sciences, Humanities and the Arts for People and the Economy","https://en.wikipedia.org/wiki/Social_Sciences,_Humanities_and_the_Arts_for_People_and_the_Economy",https://thisisshape.org.uk/
http://www.wikidata.org/entity/Q100704297,End of Term Web Archive,https://en.wikipedia.org/wiki/End_of_Term_Web_Archive,http://eotarchive.cdlib.org/
http://www.wikidata.org/entity/Q102232426,The Great Reset,https://en.wikipedia.org/wiki/Great_Reset,https://www.weforum.org/great-reset/
http://www.wikidata.org/entity/Q106047711,National Tutoring Programme,https://en.wikipedia.org/wiki/National_Tutoring_Programme,https://nationaltutoring.org.uk/
http://www.wikidata.org/entity/Q106106245,Gulagu.net,https://en.wikipedia.org/wiki/Gulagu.net,https://gulagu.net/
http://www.wikidata.org/entity/Q106204244,Wikimedia Enterprise,https://en.wikipedia.org/wiki/Wikimedia_Enterprise,https://enterprise.wikimedia.com/
http://www.wikidata.org/entity/Q62695096,American Women's History Initiative,https://en.wikipedia.org/wiki/Wikipedia:WikiProject_Smithsonian_AWHI,https://womenshistory.si.edu/
http://www.wikidata.org/entity/Q65118648,The Daphne Project,https://en.wikipedia.org/wiki/The_Daphne_Project,http://forbiddenstories.org/case/the-daphne-project/
http://www.wikidata.org/entity/Q65061223,K/DA,https://en.wikipedia.org/wiki/K/DA,https://universe.leagueoflegends.com/en_US/kda
http://www.wikidata.org/entity/Q67654737,Endangered Archives Programme,https://en.wikipedia.org/wiki/Endangered_Archives_Programme,https://eap.bl.uk/
http://www.wikidata.org/entity/Q61874565,TGI Justice,https://en.wikipedia.org/wiki/TGI_Justice_Project,http://www.tgijp.org/
http://www.wikidata.org/entity/Q67923030,BlueMaxima's Flashpoint,https://en.wikipedia.org/wiki/BlueMaxima%27s_Flashpoint,https://bluemaxima.org/flashpoint/
http://www.wikidata.org/entity/Q72148746,Wiki Loves Broadcast,https://en.wikipedia.org/wiki/Wikipedia:Wiki_Loves_Broadcast,https://de.wikipedia.org/wiki/Wikipedia:Wiki_Loves_Broadcast
http://www.wikidata.org/entity/Q62562301,MANRS,https://en.wikipedia.org/wiki/MANRS,https://www.manrs.org/
http://www.wikidata.org/entity/Q66438352,1619 project,https://en.wikipedia.org/wiki/The_1619_Project,https://www.nytimes.com/interactive/2019/08/14/magazine/1619-america-slavery.html
http://www.wikidata.org/entity/Q66438352,1619 project,https://en.wikipedia.org/wiki/The_1619_Project,https://1619education.org/
http://www.wikidata.org/entity/Q64009098,Cygnosic,https://en.wikipedia.org/wiki/Cygnosic,http://www.cygnosic.gr
http://www.wikidata.org/entity/Q67038622,Open Source Mobile Communications,https://en.wikipedia.org/wiki/Osmocom,https://osmocom.org/
http://www.wikidata.org/entity/Q65273052,Tourism 4.0,https://en.wikipedia.org/wiki/Tourism_4.0,https://tourism4-0.org/
http://www.wikidata.org/entity/Q64520764,Böztal,https://en.wikipedia.org/wiki/B%C3%B6ztal,https://www.verwaltung3plus.ch
http://www.wikidata.org/entity/Q1861440,OpenNet Initiative,https://en.wikipedia.org/wiki/OpenNet_Initiative,https://opennet.net/
http://www.wikidata.org/entity/Q5124295,Civic Commons,https://en.wikipedia.org/wiki/Code_for_America_Commons,http://commons.codeforamerica.org/
http://www.wikidata.org/entity/Q5152599,Commin,https://en.wikipedia.org/wiki/Commin,http://www.commin.org/
http://www.wikidata.org/entity/Q5334430,Ecumenical Accompaniment Programme in Palestine and Israel,https://en.wikipedia.org/wiki/Ecumenical_Accompaniment_Programme_in_Palestine_and_Israel,https://eappi.org/en
http://www.wikidata.org/entity/Q5412602,European Flood Awareness System,https://en.wikipedia.org/wiki/European_Flood_Awareness_System,https://www.efas.eu
http://www.wikidata.org/entity/Q4417384,Silver Ring of Russia,https://en.wikipedia.org/wiki/Silver_Ring_of_Russia,http://s-necklace.ru/
http://www.wikidata.org/entity/Q5324061,EROI,https://en.wikipedia.org/wiki/EROI,http://www.esm.rochester.edu/organ/eroi/
http://www.wikidata.org/entity/Q5513171,GENESIS,https://en.wikipedia.org/wiki/GENESIS,http://www.lse.ac.uk/library/newsandinformation/womenslibraryatLSE/home.aspx
http://www.wikidata.org/entity/Q5011743,CIMBA,https://en.wikipedia.org/wiki/CIMBA,http://cimbaitaly.com/
http://www.wikidata.org/entity/Q5047783,Casa Argentina del Arte Correo,https://en.wikipedia.org/wiki/Casa_Argentina_del_Arte_Correo,https://web.archive.org/web/20050911090332/http://www.vorticeargentina.com.ar/cadac/menu_contenido.htm
http://www.wikidata.org/entity/Q5206395,DVTk,https://en.wikipedia.org/wiki/DVTk,https://www.dvtk.org/
http://www.wikidata.org/entity/Q6068633,Fatih project,https://en.wikipedia.org/wiki/FAT%C4%B0H_project,http://fatihprojesi.meb.gov.tr/tr/index.php
http://www.wikidata.org/entity/Q1710059,Rich Communication Services,https://en.wikipedia.org/wiki/Rich_Communication_Services,https://www.gsma.com/futurenetworks/rcs/
http://www.wikidata.org/entity/Q2822918,National Broadband Network,https://en.wikipedia.org/wiki/National_Broadband_Network,http://www.nbnco.com.au/
http://www.wikidata.org/entity/Q4891539,Bergen Program,https://en.wikipedia.org/wiki/Bergen_Program,http://bergensprogrammet.no/
http://www.wikidata.org/entity/Q6414939,Kirby Laing Institute for Christian Ethics,https://en.wikipedia.org/wiki/Kirby_Laing_Institute_for_Christian_Ethics,https://klice.co.uk/
http://www.wikidata.org/entity/Q4689549,Africa Cataract Project,https://en.wikipedia.org/wiki/Africa_Cataract_Project,https://www.ihh.org.tr/katarakt
http://www.wikidata.org/entity/Q5162912,Conservation Effects Assessment Project,https://en.wikipedia.org/wiki/Conservation_Effects_Assessment_Project,https://www.swcs.org/
http://www.wikidata.org/entity/Q5618801,Gunicorn,https://en.wikipedia.org/wiki/Gunicorn,http://www.gunicorn.org
http://www.wikidata.org/entity/Q2665394,Tiigrihüpe,https://en.wikipedia.org/wiki/Tiigrih%C3%BCpe,http://www.tiigrihype.ee/
http://www.wikidata.org/entity/Q4306455,Uzbekistan GTL,https://en.wikipedia.org/wiki/Uzbekistan_GTL,http://www.oltinyolgtl.com/
http://www.wikidata.org/entity/Q6538629,LiViD,https://en.wikipedia.org/wiki/LiViD,http://www.linuxvideo.org
http://www.wikidata.org/entity/Q6689126,Louisiana Geological Survey,https://en.wikipedia.org/wiki/Louisiana_Geological_Survey,http://www.lgs.lsu.edu/
http://www.wikidata.org/entity/Q5014741,CU Spaceflight,https://en.wikipedia.org/wiki/CU_Spaceflight,http://www.cusf.co.uk/
http://www.wikidata.org/entity/Q5324084,ERT Digital,https://en.wikipedia.org/wiki/ERT_Digital,http://ertdigital.gr/
http://www.wikidata.org/entity/Q5406089,Project Euclid,https://en.wikipedia.org/wiki/Project_Euclid,http://projecteuclid.org/
http://www.wikidata.org/entity/Q5322511,EAOP,https://en.wikipedia.org/wiki/Early_Academic_Outreach_Program,http://www.eaop.org/
http://www.wikidata.org/entity/Q96377471,Eurovision Home Concerts,https://en.wikipedia.org/wiki/Eurovision_Home_Concerts,https://eurovision.tv/eurovision-home-concerts
http://www.wikidata.org/entity/Q92544775,Making African Connections,https://en.wikipedia.org/wiki/Wikipedia:GLAM/MAC,http://makingafricanconnections.org
http://www.wikidata.org/entity/Q108444942,Catholic Voices,https://en.wikipedia.org/wiki/Catholic_Voices,https://www.catholicvoices.org.uk
http://www.wikidata.org/entity/Q84827563,Total Digital Access to the League of Nations Archives Project (LONTAD),https://en.wikipedia.org/wiki/Total_Digital_Access_to_the_League_of_Nations_Archives_Project,https://lontad-project.unog.ch/
http://www.wikidata.org/entity/Q97639518,GitHub Archive Program,https://en.wikipedia.org/wiki/GitHub_Archive_Program,https://archiveprogram.github.com/
http://www.wikidata.org/entity/Q86290974,PREPARE,https://en.wikipedia.org/wiki/PREPARE,https://www.prepare-europe.eu/
http://www.wikidata.org/entity/Q110235640,Research Organisation Registry,https://en.wikipedia.org/wiki/Research_Organization_Registry,https://ror.org
http://www.wikidata.org/entity/Q93047373,Human Cell Atlas,https://en.wikipedia.org/wiki/Human_Cell_Atlas,https://www.humancellatlas.org/
http://www.wikidata.org/entity/Q96379939,Greetings Tour,https://en.wikipedia.org/wiki/Greetings_Tour,https://www.greetingstour.com/
http://www.wikidata.org/entity/Q108425975,Bluesky,https://en.wikipedia.org/wiki/Bluesky_(protocol),https://blueskyweb.org
http://www.wikidata.org/entity/Q109235927,Fisheries and Marine Ecosystem Model Intercomparison Project,https://en.wikipedia.org/wiki/Fisheries_and_Marine_Ecosystem_Model_Intercomparison_Project,https://www.isimip.org/about/marine-ecosystems-fisheries/
http://www.wikidata.org/entity/Q109250322,Orbital Reef,https://en.wikipedia.org/wiki/Orbital_Reef,https://www.orbitalreef.com/
http://www.wikidata.org/entity/Q109524583,Black Census Project,https://en.wikipedia.org/wiki/Black_Census_Project,https://blackcensus.org/
http://www.wikidata.org/entity/Q110914825,NEO-MAPP,https://en.wikipedia.org/wiki/NEO-MAPP,https://neomapp.eu/
