Q10184,https://www.glassdoor.co.uk/Reviews/Frankfurter-Allgemeine-Zeitung-Reviews-E932698.htm
Q10186,https://www.glassdoor.co.in/Reviews/BZ-Media-Reviews-E336619.htm
Q10189,https://www.glassdoor.com/Reviews/Der-Tagesspiegel-Reviews-E1286500.htm
Q10977,https://www.glassdoor.co.uk/Reviews/Le-Progr%C3%A8s-Reviews-E1132861.htm
Q11148,https://www.glassdoor.co.uk/Reviews/Guardian-News-and-Media-Reviews-E21405.htm
Q11149,https://www.glassdoor.com/Reviews/The-Independent-Reviews-E252850.htm
Q120219,https://www.glassdoor.com/Reviews/Athens-News-Agency-Reviews-E2279221.htm
Q12461,https://www.glassdoor.com/Reviews/Le-Monde-Reviews-E966264.htm
Q12467,https://www.glassdoor.com.hk/Reviews/Nieuwsblad-vh-Noorden-Anglo-Portuguese-News-HDC-Media-Reviews-E1075390.htm
Q128660,https://www.glassdoor.com/Reviews/The-Standard-Reviews-E19738.htm
Q130773,https://www.glassdoor.co.uk/Reviews/Gibraltar-Reviews-E1597703.htm
Q13717,https://www.glassdoor.com.hk/Reviews/Lib%C3%A9ration-Reviews-E1133078.htm
Q139103,"https://www.glassdoor.com/Overview/Working-at-Hearst-Bay-Area-EI_IE312025.11
Q142348,https://www.glassdoor.com/Reviews/le-Parisien-Reviews-E1021724.htm
Q145400,https://www.glassdoor.com/Reviews/Zaman-Reviews-E289498.htm
Q153077,https://www.glassdoor.com/Reviews/Frankfurter-Allgemeine-Zeitung-Reviews-E932698.htm
Q154301,https://www.glassdoor.com/Reviews/Forward-Reviews-E1542703.htm
Q156203,https://www.glassdoor.com/Reviews/Bild-Digital-Reviews-E669313.htm
Q158870,https://www.glassdoor.co.uk/Reviews/S%C3%BCddeutsche-Zeitung-Reviews-E930660.htm
Q161423,https://www.glassdoor.com/Reviews/taz-die-tageszeitung-Reviews-E1121181.htm
Q164746,https://www.glassdoor.com/Reviews/Wall-Street-Journal-Reviews-E22431.htm
Q166032,https://www.glassdoor.com/Reviews/The-Washington-Post-Reviews-E1058.htm
Q183399,https://www.glassdoor.com/Reviews/Financial-Times-Reviews-E4611.htm
Q188413,https://www.glassdoor.com/Reviews/Newsweek-Reviews-E2515380.htm
Q188515,https://www.glassdoor.com/Reviews/Los-Angeles-Times-Reviews-E141484.htm
Q191433,https://www.glassdoor.co.uk/Reviews/La-Raz%C3%B3n-Reviews-E1098430.htm
Q192621,https://www.glassdoor.com/Reviews/The-Telegraph-Reviews-E36827.htm
Q203853,https://www.glassdoor.com/Reviews/Nice-Matin-Reviews-E787655.htm
Q207708,https://www.glassdoor.com/Reviews/IGN-Entertainment-Reviews-E9852.htm
Q208875,https://www.glassdoor.com/Reviews/Sun-Communities-Reviews-E2567.htm
Q210534,https://www.glassdoor.com/Reviews/Daily-Mail-and-General-Trust-Reviews-E10837.htm
Q211374,https://www.glassdoor.com/Reviews/New-York-Post-Reviews-E150927.htm
Q21202,https://www.glassdoor.co.uk/Reviews/Salom-Reviews-E1578545.htm
Q216047,https://www.glassdoor.com/Reviews/Le-Figaro-Reviews-E793222.htm
Q216393,https://www.glassdoor.com/Reviews/Haaretz-Daily-Newspaper-Reviews-E656843.htm
Q217315,https://www.glassdoor.co.uk/Reviews/24sata-Reviews-E656744.htm
Q217316,https://www.glassdoor.co.uk/Reviews/24sata-Reviews-E656744.htm
Q221718,https://www.glassdoor.com/Reviews/The-Seattle-Times-Reviews-E5481.htm
Q225076,https://www.glassdoor.co.uk/Reviews/Abendzeitung-Reviews-E1111009.htm
Q228389,https://www.glassdoor.com/Reviews/Voice-of-America-Reviews-E109615.htm
Q241622,https://www.glassdoor.co.uk/Reviews/Vecernji-List-Reviews-E581548.htm
Q252617,https://www.glassdoor.com/Reviews/Aviir-Reviews-E821857.htm
Q255700,https://www.glassdoor.com/Reviews/the-washington-examiner-Reviews-E270469.htm
Q265362,https://www.glassdoor.co.uk/Reviews/FREITAG-Reviews-E1938579.htm
Q26877,"https://www.glassdoor.com/Reviews/Daily-Herald-Everett-Reviews-EI_IE288582.0
Q278151,https://www.glassdoor.com/Reviews/SPIEGEL-Gruppe-Reviews-E930999.htm
Q278458,https://www.glassdoor.co.uk/Reviews/GN-Media-Reviews-E513294.htm
Q279045,"https://www.glassdoor.com/Overview/Working-at-Hamburger-Abendblatt-EI_IE1115437.11
Q279739,https://www.glassdoor.com/Reviews/The-Hindu-Business-Line-Reviews-E490836.htm
Q284183,https://www.glassdoor.com/Reviews/Volkskrant-Reviews-E965434.htm
Q284947,https://www.glassdoor.com/Reviews/Christian-Science-Reviews-E147639.htm
Q285097,https://www.glassdoor.com/Reviews/An-Nahar-Reviews-E1720709.htm
Q286036,https://www.glassdoor.com/Reviews/Plain-Dealer-Publishing-Reviews-E264798.htm
Q286707,https://www.glassdoor.com/Reviews/Business-Insider-Reviews-E455559.htm
Q287076,https://www.glassdoor.com/Reviews/ABC-Reviews-E130.htm
Q290764,https://www.glassdoor.com/Reviews/AD-NieuwsMedia-Reviews-E986870.htm
Q292479,https://www.glassdoor.com/Reviews/AlWatan-TV-Reviews-E1301467.htm
Q292891,https://www.glassdoor.co.uk/Reviews/NRC-Reviews-E936310.htm
Q293572,https://www.glassdoor.co.uk/Reviews/%C3%95htuleht-Reviews-E1140113.htm
Q298667,"https://www.glassdoor.com/Overview/Working-at-%C3%96sterreichische-Post-EI_IE1067696.11
Q29872,https://www.glassdoor.com/Reviews/LICHT-F%C3%9CR-DIE-WELT-Reviews-E843667.htm
Q309135,https://www.glassdoor.com/Reviews/Corriere-della-Sera-Reviews-E1621780.htm
Q309964,https://www.glassdoor.com/Reviews/MX-Reviews-E928672.htm
Q310130,https://www.glassdoor.com/Reviews/Alwasat-Media-Group-Reviews-E1528165.htm
Q310193,"https://www.glassdoor.co.uk/Overview/Working-at-Alquds-Alarabi-Publishing-and-Advertising-EI_IE3295387.11
Q311369,https://www.glassdoor.com/Reviews/Otago-Daily-Times-Reviews-E851455.htm
Q319663,https://www.glassdoor.co.uk/Reviews/Stuttgarter-Zeitung-Werbevermarktung-Reviews-E950280.htm
Q326068,https://www.glassdoor.co.uk/Reviews/Frankfurter-Rundschau-Reviews-E948369.htm
Q326519,https://www.glassdoor.com/Reviews/El-Norte-Reviews-E2726079.htm
Q327147,https://www.glassdoor.com/Reviews/H%C3%BCrriyet-Reviews-E334525.htm
Q327799,https://www.glassdoor.co.uk/Reviews/T%C3%BCrkiye-Cumhuriyeti-Sosyal-G%C3%BCvenlik-Kurumu-Reviews-E1535351.htm
Q327821,https://www.glassdoor.com/Reviews/B-T-Group-Reviews-E750739.htm
Q33094,https://www.glassdoor.com/Reviews/Rheinische-Post-Mediengruppe-Reviews-E934652.htm
Q335908,https://www.glassdoor.com/Reviews/South-Wales-Argus-Reviews-E3208795.htm
Q336197,https://www.glassdoor.co.uk/Reviews/Guardian-News-and-Media-Reviews-E21405.htm
Q338921,https://www.glassdoor.co.in/Reviews/Magyar-Nemzeti-Keresked%C5%91h%C3%A1z-Hungarian-National-Trading-House-Reviews-E1099179.htm
Q35438,https://www.glassdoor.com/Reviews/The-Jerusalem-Post-Reviews-E467615.htm
Q356300,https://www.glassdoor.com/Reviews/The-Sacramento-Bee-Reviews-E339846.htm
Q35638,https://www.glassdoor.com/Reviews/El-Peri%C3%B3dico-Reviews-E2746411.htm
Q360136,https://www.glassdoor.com/Reviews/KURIER-Reviews-E1067541.htm
Q367157,https://www.glassdoor.com/Reviews/Jakarta-Globe-Reviews-E370524.htm
Q372096,"https://www.glassdoor.co.in/Reviews/The-Statesman-Calcutta-Reviews-EI_IE1473937.0
Q375527,https://www.glassdoor.co.uk/Reviews/La-Presse-de-Tunisie-Reviews-E548162.htm
Q382968,https://www.glassdoor.com/Reviews/Daily-Monitor-Reviews-E1721474.htm
Q390216,https://www.glassdoor.com/Reviews/DISH-Reviews-E4501.htm
Q391530,https://www.glassdoor.co.uk/Reviews/EL-PA%C3%8DS-Reviews-E1182706.htm
Q39681,https://www.glassdoor.com/Reviews/USA-TODAY-Reviews-E22326.htm
Q399747,https://www.glassdoor.com/Reviews/Aha-Reviews-E1102346.htm
Q41288,https://www.glassdoor.com/Reviews/The-Daily-Reviews-E462940.htm
Q41595,https://www.glassdoor.com/Reviews/Hindustan-Times-Reviews-E219815.htm
Q429592,https://www.glassdoor.com/Reviews/Diario-Rio-Negro-Reviews-E2746621.htm
Q430266,https://www.glassdoor.com/Reviews/Tribune-Media-Reviews-E677.htm
Q462023,https://www.glassdoor.com/Reviews/K%C3%B6lner-Stadt-Anzeiger-Reviews-E2026503.htm
Q46807,https://www.glassdoor.com/Reviews/The-Times-of-India-Reviews-E148974.htm
Q47287,https://www.glassdoor.co.uk/Reviews/Baltimore-Sun-Media-Group-Reviews-E122713.htm
Q47596,https://www.glassdoor.com/Reviews/Chicago-Tribune-Reviews-E201099_P3.htm
Q483903,https://www.glassdoor.com/Reviews/JoongAng-Ilbo-Reviews-E1106153.htm
Q483924,https://www.glassdoor.com/Reviews/Chosun-Ilbo-Reviews-E325396.htm
Q486086,https://www.glassdoor.com/Reviews/The-Dong-A-Ilbo-Reviews-E3275041.htm
Q489214,https://www.glassdoor.com/Reviews/The-Anchorage-Daily-News-Reviews-E344176.htm
Q493537,https://www.glassdoor.com/Reviews/Flensborg-Avis-Reviews-E1114558.htm
Q494170,https://www.glassdoor.com/Reviews/The-Washington-Times-Reviews-E331932.htm
Q494370,https://www.glassdoor.com/Reviews/The-Daily-Star-Reviews-E539298.htm
Q497493,https://www.glassdoor.com/Reviews/Beijing-Review-Reviews-E237291.htm
Q498921,https://www.glassdoor.co.uk/Reviews/The-Straits-Times-Reviews-E544784.htm
Q499188,https://www.glassdoor.com/Reviews/Los-Angeles-Daily-News-Reviews-E1019806.htm
Q50008,https://www.glassdoor.co.uk/Reviews/Times-Newspapers-Reviews-E789901.htm
Q50009,https://www.glassdoor.co.uk/Reviews/EL-PA%C3%8DS-Reviews-E1182706.htm
Q500197,https://www.glassdoor.com/Reviews/El-Siglo-de-Torre%C3%B3n-Reviews-E2697284.htm
Q501461,https://www.glassdoor.com/Reviews/Journal-du-Dimanche-Reviews-E1132271.htm
Q520214,https://www.glassdoor.co.uk/Reviews/New-Vision-Digital-Reviews-E752338.htm
Q540072,https://www.glassdoor.com/Reviews/WirtschaftsWoche-Online-Reviews-E3221077.htm
Q54340,https://www.glassdoor.com/Reviews/People-s-Daily-Online-Reviews-E856096.htm
Q561840,https://www.glassdoor.com/Reviews/Westdeutsche-Zeitung-Reviews-E949916.htm
Q562824,https://www.glassdoor.co.uk/Reviews/Employee-Review-The-Korea-Herald-RVW30341913.htm
Q568173,https://www.glassdoor.com/Reviews/SWI-swissinfo-ch-Reviews-E1658822.htm
Q574575,https://www.glassdoor.com/Reviews/Sabah-Reviews-E816922.htm
Q577417,https://www.glassdoor.com/Reviews/The-Chicago-Sun-Times-Reviews-E473441.htm
Q582714,https://www.glassdoor.com/Reviews/Panorama-Reviews-E403310.htm
Q584472,https://www.glassdoor.com/Reviews/The-Epoch-Times-Reviews-E939445.htm
Q59055,https://www.glassdoor.co.uk/Reviews/Berlingske-Media-Reviews-E380098.htm
Q595181,https://www.glassdoor.com/Reviews/Gazeta-RU-Reviews-E555620.htm
Q595564,https://www.glassdoor.com/Reviews/The-Houston-Chronicle-Reviews-E145751.htm
Q598237,https://www.glassdoor.co.uk/Reviews/Naftemporiki-Reviews-E601850.htm
Q598457,https://www.glassdoor.co.uk/Reviews/Naftemporiki-Reviews-E601850.htm
Q600111,https://www.glassdoor.com/Reviews/The-Philadelphia-Inquirer-Reviews-E1272911.htm
Q601669,https://www.glassdoor.com/Reviews/Detroit-Free-Press-Reviews-E259669.htm
Q604525,https://www.glassdoor.ca/Reviews/The-Globe-and-Mail-Reviews-E391664.htm
Q60497,https://www.glassdoor.com/Reviews/SLATE-Reviews-E1719795.htm
Q610190,https://www.glassdoor.com/Reviews/Daily-Express-Reviews-E21081.htm
Q61503,https://www.glassdoor.com/Reviews/Hollywood-Reporter-Reviews-E466195.htm
Q623811,https://www.glassdoor.com/Reviews/Newsday-Reviews-E39602_P4.htm
Q623936,https://www.glassdoor.com/Reviews/Mid-Day-Reviews-E519646.htm
Q627827,https://www.glassdoor.com/Reviews/NY-Daily-News-Reviews-E353241.htm
Q631535,https://www.glassdoor.com/Reviews/Globalpost-Reviews-E229880.htm
Q633906,https://www.glassdoor.com/Reviews/Catholic-News-Herald-Reviews-E1741138.htm
Q645573,https://www.glassdoor.com/Reviews/Winnipeg-Free-Press-Reviews-E491734.htm
Q657155,https://www.glassdoor.com/Reviews/The-Sunday-Times-Reviews-E1175287.htm
Q658909,https://www.glassdoor.com/Reviews/Lenta-RU-Reviews-E860413.htm
Q658945,https://www.glassdoor.com/Reviews/Neue-Z%C3%BCrcher-Zeitung-Reviews-E1064329.htm
Q660769,https://www.glassdoor.sg/Reviews/Ouest-France-Reviews-E1058633.htm
Q666494,https://www.glassdoor.com/Reviews/The-London-Evening-Standard-Reviews-E815230.htm
Q666651,https://www.glassdoor.com/Reviews/La-Opinion-Reviews-E261004.htm
Q673324,https://www.glassdoor.com/Reviews/Le-Temps-Reviews-E3185008.htm
Q677683,"https://www.glassdoor.co.uk/Overview/Working-at-Tamedia-EI_IE230068.11
Q678086,https://www.glassdoor.com/Reviews/New-York-Times-Reviews-E960.htm
Q678095,https://www.glassdoor.com/Reviews/Paris-Match-Reviews-E1804382.htm
Q689171,https://www.glassdoor.co.uk/Reviews/FD-Media-Group-Reviews-E948697.htm
Q689934,https://www.glassdoor.com/Reviews/Die-Presse-Reviews-E753669.htm
Q691690,https://www.glassdoor.co.uk/Reviews/LVD-Limburger-Vereinsdruckerei-Reviews-E1117641.htm
Q695301,https://www.glassdoor.co.uk/Reviews/Kleine-Zeitung-Reviews-E1188934.htm
Q697173,https://www.glassdoor.com/Reviews/Wiener-Zeitung-Reviews-E1190015.htm
Q697286,https://www.glassdoor.com.au/Reviews/Taiwan-News-Reviews-E979460.htm
Q697429,https://www.glassdoor.com/Reviews/China-Times-Reviews-E630324.htm
Q697462,https://www.glassdoor.com/Reviews/The-Liberty-Times-Reviews-E1255586.htm
Q700856,https://www.glassdoor.com/Reviews/Berliner-Morgenpost-Reviews-E1096178.htm
Q709127,https://www.glassdoor.co.uk/Reviews/Apple-Daily-Reviews-E2021305.htm
Q714427,https://www.glassdoor.co.uk/Reviews/Taipei-Times-Reviews-E667423.htm
Q716861,https://www.glassdoor.co.uk/Reviews/Arutz-Sheva-Reviews-E2116487.htm
Q717721,https://www.glassdoor.co.uk/Reviews/Poslovni-Dnevnik-Reviews-E573980.htm
Q720503,https://www.glassdoor.co.uk/Reviews/Asahi-Shimbun-Reviews-E5839.htm
Q724844,https://www.glassdoor.com/Reviews/Asharq-Al-Awsat-Reviews-E764852.htm
Q725212,https://www.glassdoor.co.uk/Reviews/Asheville-Citizen-Times-Reviews-E584744.htm
Q734581,https://www.glassdoor.co.uk/Reviews/BorneoPost-Online-Reviews-E638407.htm
Q73617,https://www.glassdoor.com/Reviews/Chronicle-of-Higher-Education-Reviews-E477050.htm
Q737529,https://www.glassdoor.com/Reviews/Staten-Island-Advance-Reviews-E710383.htm
Q739728,https://www.glassdoor.com/Reviews/China-Youth-International-Reviews-E1773336.htm
Q742587,https://www.glassdoor.com/Reviews/La-Depeche-Du-Midi-Reviews-E1132493.htm
Q744661,https://www.glassdoor.co.uk/Reviews/Greater-Kashmir-Reviews-E539037.htm
Q746424,https://www.glassdoor.com/Reviews/Orlando-Sentinel-Reviews-E308831.htm
Q747860,https://www.glassdoor.co.uk/Reviews/BBC-Reviews-E5847.htm
Q748528,https://www.glassdoor.co.uk/Reviews/Employee-Review-Andhraprabha-Publications-RVW23425637.htm
Q773802,https://www.glassdoor.com/Reviews/Boston-Herald-Reviews-E39795.htm
Q776358,https://www.glassdoor.com/Reviews/Autosports-Group-Reviews-E1628384.htm
Q790183,https://www.glassdoor.com/Reviews/Avante-Reviews-E1616773.htm
Q804491,https://www.glassdoor.com/Reviews/%C3%98y-Blikk-Reviews-E2564162.htm
Q806491,https://www.glassdoor.co.uk/Reviews/Bangkok-Post-Reviews-E2014630.htm
Q815527,https://www.glassdoor.com/Reviews/Jyllands-Posten-Reviews-E2191799.htm
Q815748,https://www.glassdoor.com/Reviews/l-equipe-Reviews-E1132942.htm
Q819697,https://www.glassdoor.com/Reviews/Handelsblatt-Reviews-E862463.htm
Q821172,https://www.glassdoor.com/Reviews/RIA-Novosti-Reviews-E489258.htm
Q824451,https://www.glassdoor.com/Reviews/The-Boston-Globe-Reviews-E156351.htm
Q828388,https://www.glassdoor.com/Reviews/AlWatan-TV-Reviews-E1301467.htm
Q835669,https://www.glassdoor.com/Reviews/News-International-Reviews-E10205.htm
Q844490,https://www.glassdoor.co.uk/Reviews/Wen-Wei-Po-Reviews-E2984246.htm
Q848935,https://www.glassdoor.com/Reviews/Racing-Post-Reviews-E703533.htm
Q851422,https://www.glassdoor.com/Reviews/China-Daily-Reviews-E340518.htm
Q85329,https://www.glassdoor.com/Reviews/La-Repubblica-Reviews-E3090186.htm
Q858121,https://www.glassdoor.com/Reviews/Le-Monde-diplomatique-Reviews-E249186.htm
Q861764,https://www.glassdoor.com/Reviews/CBS-News-Reviews-E150855.htm
Q862148,https://www.glassdoor.com/Reviews/Star-Tribune-Reviews-E4079.htm
Q863351,https://www.glassdoor.com/Reviews/Utusan-Group-Reviews-E617903.htm
Q864960,https://www.glassdoor.com/Reviews/BirG%C3%BCn-Gazetesi-Reviews-E2517847.htm
Q876158,https://www.glassdoor.com/Reviews/Village-Voice-Reviews-E7004.htm
Q876479,https://www.glassdoor.co.uk/Reviews/WirtschaftsBlatt-Reviews-E1190028.htm
Q878108,https://www.glassdoor.com/Reviews/Clarins-Reviews-E10680.htm
Q886181,https://www.glassdoor.co.uk/Reviews/The-Jewish-Chronicle-Reviews-E1393334.htm
Q889935,https://www.glassdoor.com/Reviews/Dallas-Morning-News-Reviews-E119315.htm
Q896978,https://www.glassdoor.co.uk/Reviews/Frankfurter-Neue-Presse-Reviews-E1114667.htm
Q897968,https://www.glassdoor.com/Reviews/SME-Reviews-E329687.htm
Q913303,https://www.glassdoor.com/Reviews/EL-DIARIO-VASCO-Reviews-E1056236.htm
Q917338,https://www.glassdoor.com/Reviews/The-Dominion-Post-Reviews-E138667.htm
Q920043,https://www.glassdoor.com/Reviews/XTRA-Reviews-E746.htm
Q921095,https://www.glassdoor.com/Reviews/The-Phnom-Penh-Post-Reviews-E2517701.htm
Q921217,https://www.glassdoor.com/Reviews/El-Mundo-Newspaper-Reviews-E263496.htm
Q923193,https://www.glassdoor.com/Reviews/Les-Echos-Reviews-E1132974.htm
Q926175,https://www.glassdoor.com/Reviews/The-Hindu-Reviews-E460847.htm
Q933854,https://www.glassdoor.co.uk/Reviews/EL-PA%C3%8DS-Reviews-E1182706.htm
Q941351,https://www.glassdoor.com/Reviews/Honolulu-Star-Advertiser-Reviews-E1378820.htm
Q943619,https://www.glassdoor.co.uk/Reviews/Glas-Srpske-Reviews-E2341025.htm
Q946165,https://www.glassdoor.co.uk/Reviews/Origo-Reviews-E2322545.htm
Q950333,https://www.glassdoor.com/Reviews/The-Jewish-Week-Reviews-E786696.htm
Q952554,https://www.glassdoor.com/Reviews/LA-Weekly-Reviews-E260400.htm
Q958931,https://www.glassdoor.co.uk/Reviews/Employee-Review-Valor-Econ%C3%B4mico-RVW13109568.htm
Q961669,https://www.glassdoor.com/Reviews/Chicago-Defender-Reviews-E746853.htm
Q962388,https://www.glassdoor.com/Reviews/Winston-Salem-Journal-Reviews-E977813.htm
Q9684,https://www.glassdoor.com/Reviews/New-York-Times-Reviews-E960.htm
Q970443,https://www.glassdoor.com/Reviews/Global-Times-Reviews-E385627.htm
Q970454,https://www.glassdoor.co.uk/Reviews/Times-Colonist-Reviews-E917278.htm
Q970729,https://www.glassdoor.co.uk/Reviews/O-Globo-Reviews-E1263154.htm
Q991826,https://www.glassdoor.co.uk/Reviews/Politico-Reviews-E386123.htm
