Q10184,Frankfurter Allgemeine Zeitung,https://en.wikipedia.org/wiki/Frankfurter_Allgemeine_Zeitung,https://www.glassdoor.co.uk/Reviews/Frankfurter-Allgemeine-Zeitung-Reviews-E932698.htm,,
Q10185,Berliner Zeitung,https://en.wikipedia.org/wiki/Berliner_Zeitung,,,
Q10186,B.Z.,https://en.wikipedia.org/wiki/B.Z._(newspaper),https://www.glassdoor.co.in/Reviews/BZ-Media-Reviews-E336619.htm,,
Q10189,Der Tagesspiegel,https://en.wikipedia.org/wiki/Der_Tagesspiegel,https://www.glassdoor.com/Reviews/Der-Tagesspiegel-Reviews-E1286500.htm,,
Q10190,Berliner Kurier,https://en.wikipedia.org/wiki/Berliner_Kurier,,,
Q10977,Le Progrès,https://en.wikipedia.org/wiki/Le_Progr%C3%A8s,https://www.glassdoor.co.uk/Reviews/Le-Progr%C3%A8s-Reviews-E1132861.htm,,
Q11148,The Guardian,https://en.wikipedia.org/wiki/The_Guardian,https://www.glassdoor.co.uk/Reviews/Guardian-News-and-Media-Reviews-E21405.htm,,
Q11149,The Independent,https://en.wikipedia.org/wiki/The_Independent,https://www.glassdoor.com/Reviews/The-Independent-Reviews-E252850.htm,,
Q114535,IJmuider Courant,https://en.wikipedia.org/wiki/IJmuider_Courant,,,
Q120219,Athens News,https://en.wikipedia.org/wiki/Athens_News,https://www.glassdoor.com/Reviews/Athens-News-Agency-Reviews-E2279221.htm,,
Q12461,Le Monde,https://en.wikipedia.org/wiki/Le_Monde,https://www.glassdoor.com/Reviews/Le-Monde-Reviews-E966264.htm,,
Q12465,Avui,https://en.wikipedia.org/wiki/Avui,,,
Q12467,Het Nieuwsblad,https://en.wikipedia.org/wiki/Het_Nieuwsblad,https://www.glassdoor.com.hk/Reviews/Nieuwsblad-vh-Noorden-Anglo-Portuguese-News-HDC-Media-Reviews-E1075390.htm,,
Q126586,Il Secolo XIX,https://en.wikipedia.org/wiki/Il_Secolo_XIX,,,
Q128660,Der Standard,https://en.wikipedia.org/wiki/Der_Standard,https://www.glassdoor.com/Reviews/The-Standard-Reviews-E19738.htm,,
Q130773,Gibraltar Chronicle,https://en.wikipedia.org/wiki/Gibraltar_Chronicle,https://www.glassdoor.co.uk/Reviews/Gibraltar-Reviews-E1597703.htm,,
Q13717,Libération,https://en.wikipedia.org/wiki/Lib%C3%A9ration,https://www.glassdoor.com.hk/Reviews/Lib%C3%A9ration-Reviews-E1133078.htm,,
Q139103,San Francisco Chronicle,https://en.wikipedia.org/wiki/San_Francisco_Chronicle,"https://www.glassdoor.com/Overview/Working-at-Hearst-Bay-Area-EI_IE312025.11,26.htm",,
Q140628,The Sri Lanka Gazette,https://en.wikipedia.org/wiki/The_Sri_Lanka_Gazette,,,
Q142348,Le Parisien,https://en.wikipedia.org/wiki/Le_Parisien,https://www.glassdoor.com/Reviews/le-Parisien-Reviews-E1021724.htm,,
Q145400,Zaman,https://en.wikipedia.org/wiki/Zaman_(newspaper),https://www.glassdoor.com/Reviews/Zaman-Reviews-E289498.htm,,
Q151036,Morgunblaðið,https://en.wikipedia.org/wiki/Morgunbla%C3%B0i%C3%B0,,,
Q153077,Allgemeine Zeitung,https://en.wikipedia.org/wiki/Allgemeine_Zeitung_(Namibia),https://www.glassdoor.com/Reviews/Frankfurter-Allgemeine-Zeitung-Reviews-E932698.htm,,
Q154301,The Forward,https://en.wikipedia.org/wiki/The_Forward,https://www.glassdoor.com/Reviews/Forward-Reviews-E1542703.htm,,
Q156203,Bild,https://en.wikipedia.org/wiki/Bild,https://www.glassdoor.com/Reviews/Bild-Digital-Reviews-E669313.htm,,
Q158547,Neues Deutschland,https://en.wikipedia.org/wiki/Neues_Deutschland,,,
Q158870,Süddeutsche Zeitung,https://en.wikipedia.org/wiki/S%C3%BCddeutsche_Zeitung,https://www.glassdoor.co.uk/Reviews/S%C3%BCddeutsche-Zeitung-Reviews-E930660.htm,,
Q159292,.ch,https://en.wikipedia.org/wiki/.ch_(newspaper),,,
Q159937,Haló noviny,https://en.wikipedia.org/wiki/Hal%C3%B3_noviny,,,
Q161423,Die Tageszeitung,https://en.wikipedia.org/wiki/Die_Tageszeitung,https://www.glassdoor.com/Reviews/taz-die-tageszeitung-Reviews-E1121181.htm,,
Q162563,Junge Welt,https://en.wikipedia.org/wiki/Junge_Welt,,,
Q164746,The Wall Street Journal,https://en.wikipedia.org/wiki/The_Wall_Street_Journal,https://www.glassdoor.com/Reviews/Wall-Street-Journal-Reviews-E22431.htm,,
Q165081,Gazette van Detroit,https://en.wikipedia.org/wiki/Gazette_van_Detroit,,,
Q166032,The Washington Post,https://en.wikipedia.org/wiki/The_Washington_Post,https://www.glassdoor.com/Reviews/The-Washington-Post-Reviews-E1058.htm,,
Q170135,Novaya Gazeta,https://en.wikipedia.org/wiki/Novaya_Gazeta,,,
Q180061,Anarchy: A Journal of Desire Armed,https://en.wikipedia.org/wiki/Anarchy:_A_Journal_of_Desire_Armed,,,
Q183399,Financial Times,https://en.wikipedia.org/wiki/Financial_Times,https://www.glassdoor.com/Reviews/Financial-Times-Reviews-E4611.htm,,
Q183644,Pravda,https://en.wikipedia.org/wiki/Pravda,,,
Q187006,Zeitung vum Lëtzebuerger Vollek,https://en.wikipedia.org/wiki/Zeitung_vum_L%C3%ABtzebuerger_Vollek,,,
Q188413,Newsweek,https://en.wikipedia.org/wiki/Newsweek,https://www.glassdoor.com/Reviews/Newsweek-Reviews-E2515380.htm,,
Q188515,Los Angeles Times,https://en.wikipedia.org/wiki/Los_Angeles_Times,https://www.glassdoor.com/Reviews/Los-Angeles-Times-Reviews-E141484.htm,,
,,,,,
Q191433,La Razón,https://en.wikipedia.org/wiki/La_Raz%C3%B3n_(Madrid),https://www.glassdoor.co.uk/Reviews/La-Raz%C3%B3n-Reviews-E1098430.htm,,
Q192621,The Daily Telegraph,https://en.wikipedia.org/wiki/The_Daily_Telegraph,https://www.glassdoor.com/Reviews/The-Telegraph-Reviews-E36827.htm,,
Q194565,Welt am Sonntag,https://en.wikipedia.org/wiki/Welt_am_Sonntag,,,
Q203853,Nice-Matin,https://en.wikipedia.org/wiki/Nice-Matin,https://www.glassdoor.com/Reviews/Nice-Matin-Reviews-E787655.htm,,
Q206072,Sakala,https://en.wikipedia.org/wiki/Sakala_(newspaper),,,
Q207708,IGN,https://en.wikipedia.org/wiki/IGN,https://www.glassdoor.com/Reviews/IGN-Entertainment-Reviews-E9852.htm,,
Q208875,The Sun,https://en.wikipedia.org/wiki/The_Sun_(United_Kingdom),https://www.glassdoor.com/Reviews/Sun-Communities-Reviews-E2567.htm,,
Q210534,Daily Mail,https://en.wikipedia.org/wiki/Daily_Mail,https://www.glassdoor.com/Reviews/Daily-Mail-and-General-Trust-Reviews-E10837.htm,,
Q211374,New York Post,https://en.wikipedia.org/wiki/New_York_Post,https://www.glassdoor.com/Reviews/New-York-Post-Reviews-E150927.htm,,
Q21202,Şalom,https://en.wikipedia.org/wiki/%C5%9Ealom,https://www.glassdoor.co.uk/Reviews/Salom-Reviews-E1578545.htm,,
Q216047,Le Figaro,https://en.wikipedia.org/wiki/Le_Figaro,https://www.glassdoor.com/Reviews/Le-Figaro-Reviews-E793222.htm,,
Q216393,Haaretz,https://en.wikipedia.org/wiki/Haaretz,https://www.glassdoor.com/Reviews/Haaretz-Daily-Newspaper-Reviews-E656843.htm,,
Q217289,24 Hours,https://en.wikipedia.org/wiki/24_Hours_(newspaper),,,
Q217309,24 Chasa,https://en.wikipedia.org/wiki/24_Chasa,,,
Q217313,24 heures,https://en.wikipedia.org/wiki/24_heures_(Switzerland),,,
Q217315,24sata,https://en.wikipedia.org/wiki/24sata_(Croatia),https://www.glassdoor.co.uk/Reviews/24sata-Reviews-E656744.htm,,
Q217316,24 sata,https://en.wikipedia.org/wiki/24_sata_(Serbia),https://www.glassdoor.co.uk/Reviews/24sata-Reviews-E656744.htm,,
Q217623,Daily Mirror,https://en.wikipedia.org/wiki/Daily_Mirror,,,
Q221718,The Seattle Times,https://en.wikipedia.org/wiki/The_Seattle_Times,https://www.glassdoor.com/Reviews/The-Seattle-Times-Reviews-E5481.htm,,
Q225076,Abendzeitung,https://en.wikipedia.org/wiki/Abendzeitung,https://www.glassdoor.co.uk/Reviews/Abendzeitung-Reviews-E1111009.htm,,
Q228389,Voice of America,https://en.wikipedia.org/wiki/Voice_of_America,https://www.glassdoor.com/Reviews/Voice-of-America-Reviews-E109615.htm,,
Q241622,Večernji List,https://en.wikipedia.org/wiki/Ve%C4%8Dernji_list,https://www.glassdoor.co.uk/Reviews/Vecernji-List-Reviews-E581548.htm,,
Q250656,Brabants Dagblad,https://en.wikipedia.org/wiki/Brabants_Dagblad,,,
Q251490,Ámbito Financiero,https://en.wikipedia.org/wiki/%C3%81mbito_Financiero,,,
Q252617,Ávvir,https://en.wikipedia.org/wiki/%C3%81vvir,https://www.glassdoor.com/Reviews/Aviir-Reviews-E821857.htm,,
Q255700,Washington Examiner,https://en.wikipedia.org/wiki/Washington_Examiner,https://www.glassdoor.com/Reviews/the-washington-examiner-Reviews-E270469.htm,,
Q256427,Äripäev,https://en.wikipedia.org/wiki/%C3%84rip%C3%A4ev,,,
Q262625,The Sowetan,https://en.wikipedia.org/wiki/The_Sowetan,,,
Q26400,Zëri i Popullit,https://en.wikipedia.org/wiki/Z%C3%ABri_i_Popullit,,,
Q265362,Der Freitag,https://en.wikipedia.org/wiki/Der_Freitag,https://www.glassdoor.co.uk/Reviews/FREITAG-Reviews-E1938579.htm,,
Q26877,The Everett Herald,https://en.wikipedia.org/wiki/The_Everett_Herald,"https://www.glassdoor.com/Reviews/Daily-Herald-Everett-Reviews-EI_IE288582.0,12_IL.13,20_IC1150458.htm?filter.iso3Language=eng",,
Q269300,Blick,https://en.wikipedia.org/wiki/Blick,,,
Q274581,Élet és Irodalom,https://en.wikipedia.org/wiki/%C3%89let_%C3%A9s_Irodalom,,,
Q278151,Der Spiegel (online),https://en.wikipedia.org/wiki/Der_Spiegel_(news_website),https://www.glassdoor.com/Reviews/SPIEGEL-Gruppe-Reviews-E930999.htm,,
Q278311,Dnevni avaz,https://en.wikipedia.org/wiki/Dnevni_avaz,,,
Q278458,Gulf News,https://en.wikipedia.org/wiki/Gulf_News,https://www.glassdoor.co.uk/Reviews/GN-Media-Reviews-E513294.htm,,
Q279045,Hamburger Abendblatt,https://en.wikipedia.org/wiki/Hamburger_Abendblatt,"https://www.glassdoor.com/Overview/Working-at-Hamburger-Abendblatt-EI_IE1115437.11,31.htm",,
Q279739,Business Line,https://en.wikipedia.org/wiki/Business_Line,https://www.glassdoor.com/Reviews/The-Hindu-Business-Line-Reviews-E490836.htm,,
Q279832,Münchner Merkur,https://en.wikipedia.org/wiki/M%C3%BCnchner_Merkur,,,
Q281701,Cyprus Mail,https://en.wikipedia.org/wiki/Cyprus_Mail,,,15_IM1340.htm
Q283347,Leipziger Volkszeitung,https://en.wikipedia.org/wiki/Leipziger_Volkszeitung,,,
Q284183,De Volkskrant,https://en.wikipedia.org/wiki/De_Volkskrant,https://www.glassdoor.com/Reviews/Volkskrant-Reviews-E965434.htm,,
Q284947,The Christian Science Monitor,https://en.wikipedia.org/wiki/The_Christian_Science_Monitor,https://www.glassdoor.com/Reviews/Christian-Science-Reviews-E147639.htm,,
Q285097,An-Nahar,https://en.wikipedia.org/wiki/An-Nahar,https://www.glassdoor.com/Reviews/An-Nahar-Reviews-E1720709.htm,,
Q285738,Al-Hayat,https://en.wikipedia.org/wiki/Al-Hayat,,,
Q286036,The Plain Dealer,https://en.wikipedia.org/wiki/The_Plain_Dealer,https://www.glassdoor.com/Reviews/Plain-Dealer-Publishing-Reviews-E264798.htm,,
Q286261,Seattle Post-Intelligencer,https://en.wikipedia.org/wiki/Seattle_Post-Intelligencer,,,
Q286468,Al-Ahram,https://en.wikipedia.org/wiki/Al-Ahram,,,
Q286707,Business Insider,https://en.wikipedia.org/wiki/Business_Insider,https://www.glassdoor.com/Reviews/Business-Insider-Reviews-E455559.htm,,
Q287076,ABC,https://en.wikipedia.org/wiki/ABC_(newspaper),https://www.glassdoor.com/Reviews/ABC-Reviews-E130.htm,,
Q290764,Algemeen Dagblad,https://en.wikipedia.org/wiki/Algemeen_Dagblad,https://www.glassdoor.com/Reviews/AD-NieuwsMedia-Reviews-E986870.htm,,
Q292479,Al-Watan,https://en.wikipedia.org/wiki/Al-Watan_(Syria),https://www.glassdoor.com/Reviews/AlWatan-TV-Reviews-E1301467.htm,,
Q292497,Al-Ba'ath,https://en.wikipedia.org/wiki/Al-Ba%CA%BDath,,,
Q292891,NRC Next,https://en.wikipedia.org/wiki/NRC_Next,https://www.glassdoor.co.uk/Reviews/NRC-Reviews-E936310.htm,,
Q293572,Õhtuleht,https://en.wikipedia.org/wiki/%C3%95htuleht,https://www.glassdoor.co.uk/Reviews/%C3%95htuleht-Reviews-E1140113.htm,,
Q298667,Österreich,https://en.wikipedia.org/wiki/%C3%96sterreich_(newspaper),"https://www.glassdoor.com/Overview/Working-at-%C3%96sterreichische-Post-EI_IE1067696.11,31.htm",,
Q29872,Die Welt,https://en.wikipedia.org/wiki/Die_Welt,https://www.glassdoor.com/Reviews/LICHT-F%C3%9CR-DIE-WELT-Reviews-E843667.htm,,
Q300766,Aachener Zeitung,https://en.wikipedia.org/wiki/Aachener_Zeitung,,,
Q301000,Aamulehti,https://en.wikipedia.org/wiki/Aamulehti,,,
Q304369,168 Óra,https://en.wikipedia.org/wiki/168_%C3%93ra,,,
Q307838,Özgür Gündem,https://en.wikipedia.org/wiki/%C3%96zg%C3%BCr_G%C3%BCndem,,,
Q309135,Corriere della Sera,https://en.wikipedia.org/wiki/Corriere_della_Sera,https://www.glassdoor.com/Reviews/Corriere-della-Sera-Reviews-E1621780.htm,,
Q309964,mX,https://en.wikipedia.org/wiki/MX_(newspaper),https://www.glassdoor.com/Reviews/MX-Reviews-E928672.htm,,
Q310130,Al-Wasat,https://en.wikipedia.org/wiki/Al-Wasat_(Bahraini_newspaper),https://www.glassdoor.com/Reviews/Alwasat-Media-Group-Reviews-E1528165.htm,,
Q310193,Al-Quds Al-Arabi,https://en.wikipedia.org/wiki/Al-Quds_Al-Arabi,"https://www.glassdoor.co.uk/Overview/Working-at-Alquds-Alarabi-Publishing-and-Advertising-EI_IE3295387.11,52.htm",,
Q311369,Otago Daily Times,https://en.wikipedia.org/wiki/Otago_Daily_Times,https://www.glassdoor.com/Reviews/Otago-Daily-Times-Reviews-E851455.htm,,
Q31176,New York Press,https://en.wikipedia.org/wiki/New_York_Press,,,
Q312106,Woxx,https://en.wikipedia.org/wiki/Woxx,,,
Q315473,National Zeitung,https://en.wikipedia.org/wiki/National-Zeitung,,,
Q315829,Jungle World,https://en.wikipedia.org/wiki/Jungle_World,,,
Q319663,Stuttgarter Zeitung,https://en.wikipedia.org/wiki/Stuttgarter_Zeitung,https://www.glassdoor.co.uk/Reviews/Stuttgarter-Zeitung-Werbevermarktung-Reviews-E950280.htm,,
Q326068,Frankfurter Rundschau,https://en.wikipedia.org/wiki/Frankfurter_Rundschau,https://www.glassdoor.co.uk/Reviews/Frankfurter-Rundschau-Reviews-E948369.htm,,
Q326519,El Norte de Castilla,https://en.wikipedia.org/wiki/El_Norte_de_Castilla,https://www.glassdoor.com/Reviews/El-Norte-Reviews-E2726079.htm,,
Q327147,Hürriyet,https://en.wikipedia.org/wiki/H%C3%BCrriyet,https://www.glassdoor.com/Reviews/H%C3%BCrriyet-Reviews-E334525.htm,,
Q327799,Türkiye,https://en.wikipedia.org/wiki/T%C3%BCrkiye_(newspaper),https://www.glassdoor.co.uk/Reviews/T%C3%BCrkiye-Cumhuriyeti-Sosyal-G%C3%BCvenlik-Kurumu-Reviews-E1535351.htm,,
Q327821,B.T.,https://en.wikipedia.org/wiki/B.T._(tabloid),https://www.glassdoor.com/Reviews/B-T-Group-Reviews-E750739.htm,,
Q328388,Millî Gazete,https://en.wikipedia.org/wiki/Mill%C3%AE_Gazete,,,
Q33094,Rheinische Post,https://en.wikipedia.org/wiki/Rheinische_Post,https://www.glassdoor.com/Reviews/Rheinische-Post-Mediengruppe-Reviews-E934652.htm,,
Q33207,Vitebskiy Kurier,https://en.wikipedia.org/wiki/Vitebskiy_Kurier,,,
Q335908,South Wales Argus,https://en.wikipedia.org/wiki/South_Wales_Argus,https://www.glassdoor.com/Reviews/South-Wales-Argus-Reviews-E3208795.htm,,
Q336197,The Observer,https://en.wikipedia.org/wiki/The_Observer,https://www.glassdoor.co.uk/Reviews/Guardian-News-and-Media-Reviews-E21405.htm,,
Q336399,Telepolis,https://en.wikipedia.org/wiki/Telepolis,,,
Q338921,Magyar Nemzet,https://en.wikipedia.org/wiki/Magyar_Nemzet,https://www.glassdoor.co.in/Reviews/Magyar-Nemzeti-Keresked%C5%91h%C3%A1z-Hungarian-National-Trading-House-Reviews-E1099179.htm,,
Q35438,The Jerusalem Post,https://en.wikipedia.org/wiki/The_Jerusalem_Post,https://www.glassdoor.com/Reviews/The-Jerusalem-Post-Reviews-E467615.htm,,
Q355256,Berner Zeitung,https://en.wikipedia.org/wiki/Berner_Zeitung,,,
Q355432,Lëtzebuerger Journal,https://en.wikipedia.org/wiki/L%C3%ABtzebuerger_Journal,,,
Q356300,The Sacramento Bee,https://en.wikipedia.org/wiki/The_Sacramento_Bee,https://www.glassdoor.com/Reviews/The-Sacramento-Bee-Reviews-E339846.htm,,
Q35638,El Periódico de Catalunya,https://en.wikipedia.org/wiki/El_Peri%C3%B3dico_de_Catalunya,https://www.glassdoor.com/Reviews/El-Peri%C3%B3dico-Reviews-E2746411.htm,,
Q356534,Basler Zeitung,https://en.wikipedia.org/wiki/Basler_Zeitung,,,
Q360136,Kurier,https://en.wikipedia.org/wiki/Kurier,https://www.glassdoor.com/Reviews/KURIER-Reviews-E1067541.htm,,
Q365266,Le Courrier,https://en.wikipedia.org/wiki/Le_Courrier,,,
Q366921,Helsingin Sanomat,https://en.wikipedia.org/wiki/Helsingin_Sanomat,,,
Q367105,Adresseavisen,https://en.wikipedia.org/wiki/Adresseavisen,,,
Q367157,Jakarta Globe,https://en.wikipedia.org/wiki/Jakarta_Globe,https://www.glassdoor.com/Reviews/Jakarta-Globe-Reviews-E370524.htm,,
Q368135,Oberhessische Presse,https://en.wikipedia.org/wiki/Oberhessische_Presse,,HERE!!,
Q368292,Últimas Noticias,https://en.wikipedia.org/wiki/%C3%9Altimas_Noticias,,,
Q372096,The Statesman,https://en.wikipedia.org/wiki/The_Statesman_(India),"https://www.glassdoor.co.in/Reviews/The-Statesman-Calcutta-Reviews-EI_IE1473937.0,13_IL.14,22_IM1086.htm?filter.iso3Language=eng",,
Q373133,Politiken,https://en.wikipedia.org/wiki/Politiken,,,
Q374616,Le Nouvelliste,https://en.wikipedia.org/wiki/Le_Nouvelliste_(Quebec),,,
Q375527,La Presse de Tunisie,https://en.wikipedia.org/wiki/La_Presse_de_Tunisie,https://www.glassdoor.co.uk/Reviews/La-Presse-de-Tunisie-Reviews-E548162.htm,,
Q377629,Télérama,https://en.wikipedia.org/wiki/T%C3%A9l%C3%A9rama,,,
Q381431,Les Dernières Nouvelles d'Alsace,https://en.wikipedia.org/wiki/Les_Derni%C3%A8res_Nouvelles_d%27Alsace,,,
Q382968,Daily Monitor,https://en.wikipedia.org/wiki/Daily_Monitor,https://www.glassdoor.com/Reviews/Daily-Monitor-Reviews-E1721474.htm,,
Q385079,The Daily Sport,https://en.wikipedia.org/wiki/Daily_Sport,,,
Q387054,Rodong Sinmun,https://en.wikipedia.org/wiki/Rodong_Sinmun,,,
Q388841,Aftenposten,https://en.wikipedia.org/wiki/Aftenposten,,,
Q388889,Mersey Beat,https://en.wikipedia.org/wiki/Mersey_Beat,,,
Q389458,Aftonbladet,https://en.wikipedia.org/wiki/Aftonbladet,,,
Q390216,The Sydney Morning Herald,https://en.wikipedia.org/wiki/The_Sydney_Morning_Herald,https://www.glassdoor.com/Reviews/DISH-Reviews-E4501.htm,,
Q391530,El País,https://en.wikipedia.org/wiki/El_Pa%C3%ADs_(Cali),https://www.glassdoor.co.uk/Reviews/EL-PA%C3%8DS-Reviews-E1182706.htm,,
Q392094,Agder Flekkefjords Tidende,https://en.wikipedia.org/wiki/Agder_Flekkefjords_Tidende,,,
Q392819,Nanfang Daily,https://en.wikipedia.org/wiki/Nanfang_Daily,,,
Q393231,Życie Warszawy,https://en.wikipedia.org/wiki/%C5%BBycie_Warszawy,,,
Q39681,USA Today,https://en.wikipedia.org/wiki/USA_Today,https://www.glassdoor.com/Reviews/USA-TODAY-Reviews-E22326.htm,,
Q399747,Aha!,https://en.wikipedia.org/wiki/Aha!_(tabloid),https://www.glassdoor.com/Reviews/Aha-Reviews-E1102346.htm,,
Q403038,El Colombiano,https://en.wikipedia.org/wiki/El_Colombiano,,,
Q41288,The Daily,https://en.wikipedia.org/wiki/The_Daily_(News_Corporation),https://www.glassdoor.com/Reviews/The-Daily-Reviews-E462940.htm,,
Q41595,Hindustan Times,https://en.wikipedia.org/wiki/Hindustan_Times,https://www.glassdoor.com/Reviews/Hindustan-Times-Reviews-E219815.htm,,
Q424791,Akşam,https://en.wikipedia.org/wiki/Ak%C5%9Fam,,,
Q426356,Adevărul,https://en.wikipedia.org/wiki/Adev%C4%83rul,,,
Q429592,Río Negro,https://en.wikipedia.org/wiki/Diario_R%C3%ADo_Negro,https://www.glassdoor.com/Reviews/Diario-Rio-Negro-Reviews-E2746621.htm,,
Q430266,Portland Tribune,https://en.wikipedia.org/wiki/Portland_Tribune,https://www.glassdoor.com/Reviews/Tribune-Media-Reviews-E677.htm,,
Q430268,Al Madina,https://en.wikipedia.org/wiki/Al_Madina_(newspaper),,,
Q442288,The Blade,https://en.wikipedia.org/wiki/The_Blade_(Toledo),,,
Q443329,Alto Adige,https://en.wikipedia.org/wiki/Alto_Adige_(newspaper),,,
Q444477,Prager Zeitung,https://en.wikipedia.org/wiki/Prager_Zeitung,,,
Q461344,Tageblatt,https://en.wikipedia.org/wiki/Tageblatt,,,
Q461884,A Szabadság,https://en.wikipedia.org/wiki/A_Szabads%C3%A1g,,,
Q462023,Kölner Stadt-Anzeiger,https://en.wikipedia.org/wiki/K%C3%B6lner_Stadt-Anzeiger,https://www.glassdoor.com/Reviews/K%C3%B6lner-Stadt-Anzeiger-Reviews-E2026503.htm,,
Q46807,The Times of India,https://en.wikipedia.org/wiki/The_Times_of_India,https://www.glassdoor.com/Reviews/The-Times-of-India-Reviews-E148974.htm,,
Q47287,The Baltimore Sun,https://en.wikipedia.org/wiki/The_Baltimore_Sun,https://www.glassdoor.co.uk/Reviews/Baltimore-Sun-Media-Group-Reviews-E122713.htm,,
Q47596,Chicago Tribune,https://en.wikipedia.org/wiki/Chicago_Tribune,https://www.glassdoor.com/Reviews/Chicago-Tribune-Reviews-E201099_P3.htm,,
Q477719,Today,https://en.wikipedia.org/wiki/Today_(Singapore_newspaper),,,
Q478374,Novi list,https://en.wikipedia.org/wiki/Novi_list,,,
Q482484,An Phoblacht,https://en.wikipedia.org/wiki/An_Phoblacht,,,
Q483903,The Joong-ang Ilbo,https://en.wikipedia.org/wiki/JoongAng_Ilbo,https://www.glassdoor.com/Reviews/JoongAng-Ilbo-Reviews-E1106153.htm,,
Q483924,The Chosun Ilbo,https://en.wikipedia.org/wiki/The_Chosun_Ilbo,https://www.glassdoor.com/Reviews/Chosun-Ilbo-Reviews-E325396.htm,,
Q486086,The Dong-a Ilbo,https://en.wikipedia.org/wiki/The_Dong-a_Ilbo,https://www.glassdoor.com/Reviews/The-Dong-A-Ilbo-Reviews-E3275041.htm,,
Q486314,The Hankyoreh,https://en.wikipedia.org/wiki/The_Hankyoreh,,,
Q489214,Anchorage Daily News,https://en.wikipedia.org/wiki/Anchorage_Daily_News,https://www.glassdoor.com/Reviews/The-Anchorage-Daily-News-Reviews-E344176.htm,,
Q489308,Hankook Ilbo,https://en.wikipedia.org/wiki/Hankook_Ilbo,,,
Q489650,Glas Koncila,https://en.wikipedia.org/wiki/Glas_Koncila,,,
Q492825,Daily NK,https://en.wikipedia.org/wiki/Daily_NK,,,
Q493319,Min Áigi,https://en.wikipedia.org/wiki/Min_%C3%81igi,,,
Q493500,The Namibian,https://en.wikipedia.org/wiki/The_Namibian,,,
Q493537,Flensborg Avis,https://en.wikipedia.org/wiki/Flensborg_Avis,https://www.glassdoor.com/Reviews/Flensborg-Avis-Reviews-E1114558.htm,,
Q494170,The Washington Times,https://en.wikipedia.org/wiki/The_Washington_Times,https://www.glassdoor.com/Reviews/The-Washington-Times-Reviews-E331932.htm,,
Q494370,The Daily Star,https://en.wikipedia.org/wiki/The_Daily_Star_(Lebanon),https://www.glassdoor.com/Reviews/The-Daily-Star-Reviews-E539298.htm,,
Q494902,Super Express,https://en.wikipedia.org/wiki/Super_Express_(newspaper),,,
Q495267,The Canberra Times,https://en.wikipedia.org/wiki/The_Canberra_Times,,,
Q497170,Kyunghyang Shinmun,https://en.wikipedia.org/wiki/Kyunghyang_Shinmun,,,
Q497493,Beijing Review,https://en.wikipedia.org/wiki/Beijing_Review,https://www.glassdoor.com/Reviews/Beijing-Review-Reviews-E237291.htm,,
Q498096,Weekly World News,https://en.wikipedia.org/wiki/Weekly_World_News,,,
Q498921,The Straits Times,https://en.wikipedia.org/wiki/The_Straits_Times,https://www.glassdoor.co.uk/Reviews/The-Straits-Times-Reviews-E544784.htm,,
Q499188,Los Angeles Daily News,https://en.wikipedia.org/wiki/Los_Angeles_Daily_News,https://www.glassdoor.com/Reviews/Los-Angeles-Daily-News-Reviews-E1019806.htm,,
Q50008,The Times,https://en.wikipedia.org/wiki/The_Times,https://www.glassdoor.co.uk/Reviews/Times-Newspapers-Reviews-E789901.htm,,
Q50009,El País,https://en.wikipedia.org/wiki/El_Pa%C3%ADs,https://www.glassdoor.co.uk/Reviews/EL-PA%C3%8DS-Reviews-E1182706.htm,,
Q500197,El Siglo de Torreón,https://en.wikipedia.org/wiki/El_Siglo_de_Torre%C3%B3n,https://www.glassdoor.com/Reviews/El-Siglo-de-Torre%C3%B3n-Reviews-E2697284.htm,,19_IC1146779.htm
Q501461,Le Journal du Dimanche,https://en.wikipedia.org/wiki/Le_Journal_du_Dimanche,https://www.glassdoor.com/Reviews/Journal-du-Dimanche-Reviews-E1132271.htm,,
Q507198,EUobserver,https://en.wikipedia.org/wiki/EUobserver,,,
Q508252,Diário de Notícias,https://en.wikipedia.org/wiki/Di%C3%A1rio_de_Not%C3%ADcias,,,
Q511131,Picture Post,https://en.wikipedia.org/wiki/Picture_Post,,,
Q511533,La Vanguardia,https://en.wikipedia.org/wiki/La_Vanguardia,,,
Q511952,Politis,https://en.wikipedia.org/wiki/Politis_(magazine),,,
Q512724,Egemen Qazaqstan,https://en.wikipedia.org/wiki/Yegemen_Qazaqstan,,,
Q517477,Télé Poche,https://en.wikipedia.org/wiki/T%C3%A9l%C3%A9_Poche,,,
Q520214,New Vision,https://en.wikipedia.org/wiki/New_Vision_(newspaper),https://www.glassdoor.co.uk/Reviews/New-Vision-Digital-Reviews-E752338.htm,,
Q527612,Thisday,https://en.wikipedia.org/wiki/This_Day,,,
Q529930,Heti Válasz,https://en.wikipedia.org/wiki/Heti_V%C3%A1lasz,,,
Q531949,Winnipeg Sun,https://en.wikipedia.org/wiki/Winnipeg_Sun,,,
Q532925,Jaam-e Jam,https://en.wikipedia.org/wiki/Jam-e_Jam_(newspaper),,,
Q536798,Libero,https://en.wikipedia.org/wiki/Libero_(newspaper),,,
Q540072,Wirtschaftswoche,https://en.wikipedia.org/wiki/Wirtschaftswoche,https://www.glassdoor.com/Reviews/WirtschaftsWoche-Online-Reviews-E3221077.htm,,
Q54340,People's Daily,https://en.wikipedia.org/wiki/People%27s_Daily,https://www.glassdoor.com/Reviews/People-s-Daily-Online-Reviews-E856096.htm,,
Q545531,Heti Világgazdaság,https://en.wikipedia.org/wiki/Heti_Vil%C3%A1ggazdas%C3%A1g,,,
Q556902,Expansión,https://en.wikipedia.org/wiki/Expansi%C3%B3n_(Spanish_newspaper),,,
Q558617,Ara,https://en.wikipedia.org/wiki/Ara_(newspaper),,,
Q561840,Westdeutsche Allgemeine Zeitung,https://en.wikipedia.org/wiki/Westdeutsche_Allgemeine_Zeitung,https://www.glassdoor.com/Reviews/Westdeutsche-Zeitung-Reviews-E949916.htm,,
Q562824,The Korea Herald,https://en.wikipedia.org/wiki/The_Korea_Herald,https://www.glassdoor.co.uk/Reviews/Employee-Review-The-Korea-Herald-RVW30341913.htm,,
Q565089,Le Peuple,https://en.wikipedia.org/wiki/Le_Peuple,,,
Q568173,Swissinfo,https://en.wikipedia.org/wiki/Swissinfo,https://www.glassdoor.com/Reviews/SWI-swissinfo-ch-Reviews-E1658822.htm,,
Q568226,Milliyet,https://en.wikipedia.org/wiki/Milliyet,,,
Q569851,Shekulli,https://en.wikipedia.org/wiki/Shekulli,,,
Q572893,Eleftheros Typos,https://en.wikipedia.org/wiki/Eleftheros_Typos,,,
Q574403,Vjesnik,https://en.wikipedia.org/wiki/Vjesnik,,,
Q574474,Hiwwe wie Driwwe,https://en.wikipedia.org/wiki/Hiwwe_wie_Driwwe,,,
Q574575,Sabah,https://en.wikipedia.org/wiki/Sabah_(newspaper),https://www.glassdoor.com/Reviews/Sabah-Reviews-E816922.htm,,
Q575741,The Mercury News,https://en.wikipedia.org/wiki/The_Mercury_News,,,
Q577417,Chicago Sun-Times,https://en.wikipedia.org/wiki/Chicago_Sun-Times,https://www.glassdoor.com/Reviews/The-Chicago-Sun-Times-Reviews-E473441.htm,,
Q582714,Panorama,https://en.wikipedia.org/wiki/Panorama_(Gibraltar),https://www.glassdoor.com/Reviews/Panorama-Reviews-E403310.htm,,
Q584472,The Epoch Times,https://en.wikipedia.org/wiki/The_Epoch_Times,https://www.glassdoor.com/Reviews/The-Epoch-Times-Reviews-E939445.htm,,
Q585287,The Ecologist,https://en.wikipedia.org/wiki/The_Ecologist,,,
Q59055,Berlingske,https://en.wikipedia.org/wiki/Berlingske,https://www.glassdoor.co.uk/Reviews/Berlingske-Media-Reviews-E380098.htm,,
Q590961,Le Moniteur des travaux publics et du bâtiment,https://en.wikipedia.org/wiki/Le_Moniteur_des_travaux_publics_et_du_b%C3%A2timent,,,
Q595181,Gazeta.ru,https://en.wikipedia.org/wiki/Gazeta.Ru,https://www.glassdoor.com/Reviews/Gazeta-RU-Reviews-E555620.htm,,
Q595564,Houston Chronicle,https://en.wikipedia.org/wiki/Houston_Chronicle,https://www.glassdoor.com/Reviews/The-Houston-Chronicle-Reviews-E145751.htm,,
Q59705,Business Recorder,https://en.wikipedia.org/wiki/Business_Recorder,,,
Q598237,Naftemporiki,https://en.wikipedia.org/wiki/Naftemporiki,https://www.glassdoor.co.uk/Reviews/Naftemporiki-Reviews-E601850.htm,,
Q598457,Gazzetta del Sud,https://en.wikipedia.org/wiki/Gazzetta_del_Sud,https://www.glassdoor.co.uk/Reviews/Naftemporiki-Reviews-E601850.htm,,
Q600111,The Philadelphia Inquirer,https://en.wikipedia.org/wiki/The_Philadelphia_Inquirer,https://www.glassdoor.com/Reviews/The-Philadelphia-Inquirer-Reviews-E1272911.htm,,
Q601669,Detroit Free Press,https://en.wikipedia.org/wiki/Detroit_Free_Press,https://www.glassdoor.com/Reviews/Detroit-Free-Press-Reviews-E259669.htm,,
Q604525,The Globe and Mail,https://en.wikipedia.org/wiki/The_Globe_and_Mail,https://www.glassdoor.ca/Reviews/The-Globe-and-Mail-Reviews-E391664.htm,,
Q60497,Slate,https://en.wikipedia.org/wiki/Slate_(magazine),https://www.glassdoor.com/Reviews/SLATE-Reviews-E1719795.htm,,
Q605734,Il Mattino,https://en.wikipedia.org/wiki/Il_Mattino,,,
Q610190,Daily Express,https://en.wikipedia.org/wiki/Daily_Express,https://www.glassdoor.com/Reviews/Daily-Express-Reviews-E21081.htm,,
Q610616,Indus Age,https://en.wikipedia.org/wiki/Indus_Age,,,
Q613979,Hufvudstadsbladet,https://en.wikipedia.org/wiki/Hufvudstadsbladet,,,
Q61503,The Hollywood Reporter,https://en.wikipedia.org/wiki/The_Hollywood_Reporter,https://www.glassdoor.com/Reviews/Hollywood-Reporter-Reviews-E466195.htm,,
Q616165,Vas Népe,https://en.wikipedia.org/wiki/Vas_N%C3%A9pe,,,
Q617296,Echorouk El Yawmi,https://en.wikipedia.org/wiki/Echorouk_El_Yawmi,,,
Q619342,Mediapart,https://en.wikipedia.org/wiki/Mediapart,,,
Q623157,Hospodářské noviny,https://en.wikipedia.org/wiki/Hospod%C3%A1%C5%99sk%C3%A9_noviny,,,
Q623538,Sport,https://en.wikipedia.org/wiki/Sport_(Spanish_newspaper),,,
Q623659,Arab News,https://en.wikipedia.org/wiki/Arab_News,,,
Q623811,NewsDay,https://en.wikipedia.org/wiki/NewsDay_(Zimbabwean_newspaper),https://www.glassdoor.com/Reviews/Newsday-Reviews-E39602_P4.htm,,
Q623936,Mid Day,https://en.wikipedia.org/wiki/Mid_Day,https://www.glassdoor.com/Reviews/Mid-Day-Reviews-E519646.htm,,
Q624291,Segye Ilbo,https://en.wikipedia.org/wiki/Segye_Ilbo,,,
Q627083,Arbeiter-Zeitung,https://en.wikipedia.org/wiki/Arbeiter-Zeitung_(Vienna),,,
Q627827,New York Daily News,https://en.wikipedia.org/wiki/New_York_Daily_News,https://www.glassdoor.com/Reviews/NY-Daily-News-Reviews-E353241.htm,,
Q631535,GlobalPost,https://en.wikipedia.org/wiki/GlobalPost,https://www.glassdoor.com/Reviews/Globalpost-Reviews-E229880.htm,,
Q631893,The Age,https://en.wikipedia.org/wiki/The_Age,,,
Q633906,Catholic Herald,https://en.wikipedia.org/wiki/Catholic_Herald,https://www.glassdoor.com/Reviews/Catholic-News-Herald-Reviews-E1741138.htm,,
Q635392,La Nuova Sardegna,https://en.wikipedia.org/wiki/La_Nuova_Sardegna,,,
Q63812,Scotland on Sunday,https://en.wikipedia.org/wiki/Scotland_on_Sunday,,,
Q639033,Record,https://en.wikipedia.org/wiki/Record_(newspaper),,,
Q639774,Kahoku Shimpo,https://en.wikipedia.org/wiki/Kahoku_Shimp%C5%8D,,,
Q642381,Il manifesto,https://en.wikipedia.org/wiki/Il_manifesto,,,
Q643177,Lister,https://en.wikipedia.org/wiki/Lister_(Farsunds_Avis),,,
Q644103,Kronen Zeitung,https://en.wikipedia.org/wiki/Kronen_Zeitung,,,
Q645218,Yomiuri Shimbun,https://en.wikipedia.org/wiki/Yomiuri_Shimbun,,,
Q645573,Winnipeg Free Press,https://en.wikipedia.org/wiki/Winnipeg_Free_Press,https://www.glassdoor.com/Reviews/Winnipeg-Free-Press-Reviews-E491734.htm,,
Q646229,L'Express (Neuchâtel),https://en.wikipedia.org/wiki/L%27Express_(Neuch%C3%A2tel),,,
Q647655,Los Angeles Free Press,https://en.wikipedia.org/wiki/Los_Angeles_Free_Press,,,
Q649485,Szabadság,https://en.wikipedia.org/wiki/Szabads%C3%A1g,,,
Q650751,Haarlems Dagblad,https://en.wikipedia.org/wiki/Haarlems_Dagblad,,,
Q651079,Critica Sociale,https://en.wikipedia.org/wiki/Critica_Sociale,,,
Q651179,Magyar Narancs,https://en.wikipedia.org/wiki/Magyar_Narancs,,,
Q655104,Krytyka Polityczna,https://en.wikipedia.org/wiki/Krytyka_Polityczna,,,
Q657155,The Sunday Times,https://en.wikipedia.org/wiki/Sunday_Times_(South_Africa),https://www.glassdoor.com/Reviews/The-Sunday-Times-Reviews-E1175287.htm,,
Q658909,Lenta.ru,https://en.wikipedia.org/wiki/Lenta.ru,https://www.glassdoor.com/Reviews/Lenta-RU-Reviews-E860413.htm,,
Q658945,Neue Zürcher Zeitung,https://en.wikipedia.org/wiki/Neue_Z%C3%BCrcher_Zeitung,https://www.glassdoor.com/Reviews/Neue-Z%C3%BCrcher-Zeitung-Reviews-E1064329.htm,,
Q660769,Ouest-France,https://en.wikipedia.org/wiki/Ouest-France,https://www.glassdoor.sg/Reviews/Ouest-France-Reviews-E1058633.htm,,
Q661005,The Northern Echo,https://en.wikipedia.org/wiki/The_Northern_Echo,,,
Q661495,Avvenire,https://en.wikipedia.org/wiki/Avvenire,,,
Q664239,Russkiy Kurier,https://en.wikipedia.org/wiki/Russkiy_Kurier,,,
Q664427,Pobjeda,https://en.wikipedia.org/wiki/Pobjeda,,,
Q666349,Ta Kung Pao,https://en.wikipedia.org/wiki/Ta_Kung_Pao,,,
Q666494,London Evening Standard,https://en.wikipedia.org/wiki/Evening_Standard,https://www.glassdoor.com/Reviews/The-London-Evening-Standard-Reviews-E815230.htm,,
Q666651,La Opinión,https://en.wikipedia.org/wiki/La_Opini%C3%B3n,https://www.glassdoor.com/Reviews/La-Opinion-Reviews-E261004.htm,,
Q670909,Der Bund,https://en.wikipedia.org/wiki/Der_Bund,,,
Q671543,Danas,https://en.wikipedia.org/wiki/Danas_(newspaper),,,
Q673324,Le Temps,https://en.wikipedia.org/wiki/Le_Temps,https://www.glassdoor.com/Reviews/Le-Temps-Reviews-E3185008.htm,,
Q677683,Tages-Anzeiger,https://en.wikipedia.org/wiki/Tages-Anzeiger,"https://www.glassdoor.co.uk/Overview/Working-at-Tamedia-EI_IE230068.11,18.htm",,
Q678086,The New York Times International Edition,https://en.wikipedia.org/wiki/The_New_York_Times_International_Edition,https://www.glassdoor.com/Reviews/New-York-Times-Reviews-E960.htm,,
Q678095,Paris Match,https://en.wikipedia.org/wiki/Paris_Match,https://www.glassdoor.com/Reviews/Paris-Match-Reviews-E1804382.htm,,
Q678533,Le Matin Bleu,https://en.wikipedia.org/wiki/Le_Matin_Bleu,,,
Q681226,Bieler Tagblatt,https://en.wikipedia.org/wiki/Bieler_Tagblatt,,,
Q684533,Eleftherotypia,https://en.wikipedia.org/wiki/Eleftherotypia,,,
Q686585,Al-Ittihad,https://en.wikipedia.org/wiki/Al-Ittihad_(Emirati_newspaper),,,
Q686710,TagesWoche,https://en.wikipedia.org/wiki/TagesWoche,,,
Q689052,St. Galler Tagblatt,https://en.wikipedia.org/wiki/St._Galler_Tagblatt,,,
Q689171,Het Financieele Dagblad,https://en.wikipedia.org/wiki/Het_Financieele_Dagblad,https://www.glassdoor.co.uk/Reviews/FD-Media-Group-Reviews-E948697.htm,,
Q689481,Nederlands Dagblad,https://en.wikipedia.org/wiki/Nederlands_Dagblad,,,
Q689934,Die Presse,https://en.wikipedia.org/wiki/Die_Presse,https://www.glassdoor.com/Reviews/Die-Presse-Reviews-E753669.htm,,
Q690672,Le Soir,https://en.wikipedia.org/wiki/Le_Soir,,,
Q691690,De Limburger,https://en.wikipedia.org/wiki/De_Limburger,https://www.glassdoor.co.uk/Reviews/LVD-Limburger-Vereinsdruckerei-Reviews-E1117641.htm,,
Q692822,Le Matin,https://en.wikipedia.org/wiki/Le_Matin_(Switzerland),,,
Q695301,Kleine Zeitung,https://en.wikipedia.org/wiki/Kleine_Zeitung,https://www.glassdoor.co.uk/Reviews/Kleine-Zeitung-Reviews-E1188934.htm,,
Q696725,De Stentor,https://en.wikipedia.org/wiki/De_Stentor,,,
Q696731,Spits,https://en.wikipedia.org/wiki/Spits_(newspaper),,,
Q696756,De Pers,https://en.wikipedia.org/wiki/De_Pers,,,
Q697153,United Daily News,https://en.wikipedia.org/wiki/United_Daily_News,,,
Q697173,Wiener Zeitung,https://en.wikipedia.org/wiki/Wiener_Zeitung,https://www.glassdoor.com/Reviews/Wiener-Zeitung-Reviews-E1190015.htm,,
Q697286,Taiwan News,https://en.wikipedia.org/wiki/Taiwan_News,https://www.glassdoor.com.au/Reviews/Taiwan-News-Reviews-E979460.htm,,
Q697429,China Times,https://en.wikipedia.org/wiki/China_Times,https://www.glassdoor.com/Reviews/China-Times-Reviews-E630324.htm,,
Q697462,Liberty Times,https://en.wikipedia.org/wiki/Liberty_Times,https://www.glassdoor.com/Reviews/The-Liberty-Times-Reviews-E1255586.htm,,
Q699499,,,,,
Q700856,Berliner Morgenpost,https://en.wikipedia.org/wiki/Berliner_Morgenpost,https://www.glassdoor.com/Reviews/Berliner-Morgenpost-Reviews-E1096178.htm,,
Q703888,Arrêt sur images,https://en.wikipedia.org/wiki/Arr%C3%AAt_sur_images,,,
Q709127,Apple Daily,https://en.wikipedia.org/wiki/Apple_Daily,https://www.glassdoor.co.uk/Reviews/Apple-Daily-Reviews-E2021305.htm,,
Q712072,Financial Times Deutschland,https://en.wikipedia.org/wiki/Financial_Times_Deutschland,,,
Q714427,Taipei Times,https://en.wikipedia.org/wiki/Taipei_Times,https://www.glassdoor.co.uk/Reviews/Taipei-Times-Reviews-E667423.htm,,
Q716861,Arutz Sheva,https://en.wikipedia.org/wiki/Arutz_Sheva,https://www.glassdoor.co.uk/Reviews/Arutz-Sheva-Reviews-E2116487.htm,,
Q717721,Dnevnik,https://en.wikipedia.org/wiki/Dnevnik_(Bulgarian_newspaper),https://www.glassdoor.co.uk/Reviews/Poslovni-Dnevnik-Reviews-E573980.htm,,
Q719880,Diario AS,https://en.wikipedia.org/wiki/Diario_AS,,,
Q720503,Asahi Shimbun,https://en.wikipedia.org/wiki/The_Asahi_Shimbun,https://www.glassdoor.co.uk/Reviews/Asahi-Shimbun-Reviews-E5839.htm,,
Q721837,Diario Frontera,https://en.wikipedia.org/wiki/Diario_Frontera,,,
Q724844,Asharq Al-Awsat,https://en.wikipedia.org/wiki/Asharq_Al-Awsat,https://www.glassdoor.com/Reviews/Asharq-Al-Awsat-Reviews-E764852.htm,,
Q725212,Asheville Citizen-Times,https://en.wikipedia.org/wiki/Asheville_Citizen-Times,https://www.glassdoor.co.uk/Reviews/Asheville-Citizen-Times-Reviews-E584744.htm,,
Q734293,Dagens Industri,https://en.wikipedia.org/wiki/Dagens_industri,,,
Q734491,Mathrubhumi,https://en.wikipedia.org/wiki/Mathrubhumi,,,
Q734581,Borneo Post,https://en.wikipedia.org/wiki/The_Borneo_Post,https://www.glassdoor.co.uk/Reviews/BorneoPost-Online-Reviews-E638407.htm,,
Q73617,The Chronicle of Higher Education,https://en.wikipedia.org/wiki/The_Chronicle_of_Higher_Education,https://www.glassdoor.com/Reviews/Chronicle-of-Higher-Education-Reviews-E477050.htm,,
Q737529,Staten Island Advance,https://en.wikipedia.org/wiki/Staten_Island_Advance,https://www.glassdoor.com/Reviews/Staten-Island-Advance-Reviews-E710383.htm,,
Q738535,Il Giornale di Vicenza,https://en.wikipedia.org/wiki/Il_Giornale_di_Vicenza,,,
Q739728,China Youth Daily,https://en.wikipedia.org/wiki/China_Youth_Daily,https://www.glassdoor.com/Reviews/China-Youth-International-Reviews-E1773336.htm,,
Q741296,Gazeta Wyborcza,https://en.wikipedia.org/wiki/Gazeta_Wyborcza,,,
Q741891,Al-Ittihad,https://en.wikipedia.org/wiki/Al-Ittihad_(Israeli_newspaper),,,
Q742091,Washington Blade,https://en.wikipedia.org/wiki/Washington_Blade,,,
Q742587,La Dépêche du Midi,https://en.wikipedia.org/wiki/La_D%C3%A9p%C3%AAche_du_Midi,https://www.glassdoor.com/Reviews/La-Depeche-Du-Midi-Reviews-E1132493.htm,,
Q743551,Hrvatska riječ,https://en.wikipedia.org/wiki/Hrvatska_rije%C4%8D,,,
Q744661,Greater Kashmir,https://en.wikipedia.org/wiki/Greater_Kashmir,https://www.glassdoor.co.uk/Reviews/Greater-Kashmir-Reviews-E539037.htm,,
Q746424,Orlando Sentinel,https://en.wikipedia.org/wiki/Orlando_Sentinel,https://www.glassdoor.com/Reviews/Orlando-Sentinel-Reviews-E308831.htm,,
Q747860,BBC Online,https://en.wikipedia.org/wiki/BBC_Online,https://www.glassdoor.co.uk/Reviews/BBC-Reviews-E5847.htm,,
Q747947,Le Nouvelliste,https://en.wikipedia.org/wiki/Le_Nouvelliste_(Haiti),,,
Q748528,Andhra Prabha,https://en.wikipedia.org/wiki/Andhra_Prabha,https://www.glassdoor.co.uk/Reviews/Employee-Review-Andhraprabha-Publications-RVW23425637.htm,,
Q752105,Új Szó,https://en.wikipedia.org/wiki/%C3%9Aj_Sz%C3%B3,,,
Q753932,Izvestia,https://en.wikipedia.org/wiki/Izvestia,,,
Q75761,Vecherniy Bishkek,https://en.wikipedia.org/wiki/Vecherniy_Bishkek,,,
Q761660,Dagbladet Information,https://en.wikipedia.org/wiki/Dagbladet_Information,,,
Q763682,Vatan,https://en.wikipedia.org/wiki/Vatan,,,
Q766032,Tokyo Shimbun,https://en.wikipedia.org/wiki/Tokyo_Shimbun,,,
Q770596,L'Express,https://en.wikipedia.org/wiki/L%27Express,,,
Q773198,D'Lëtzebuerger Land,https://en.wikipedia.org/wiki/D%27L%C3%ABtzebuerger_Land,,,
Q773472,Glas javnosti,https://en.wikipedia.org/wiki/Glas_javnosti,,,
Q773802,Boston Herald,https://en.wikipedia.org/wiki/Boston_Herald,https://www.glassdoor.com/Reviews/Boston-Herald-Reviews-E39795.htm,,
Q776358,Autosport,https://en.wikipedia.org/wiki/Autosport,https://www.glassdoor.com/Reviews/Autosports-Group-Reviews-E1628384.htm,,
Q778813,El Cronista,https://en.wikipedia.org/wiki/El_Cronista,,,
Q780402,Dagens Næringsliv,https://en.wikipedia.org/wiki/Dagens_N%C3%A6ringsliv,,,
Q790183,Avante!,https://en.wikipedia.org/wiki/Avante!,https://www.glassdoor.com/Reviews/Avante-Reviews-E1616773.htm,,
Q790205,Avanti!,https://en.wikipedia.org/wiki/Avanti!_(newspaper),,,
Q796818,BN DeStem,https://en.wikipedia.org/wiki/BN_DeStem,,,
Q797508,MONU – magazine on urbanism,https://en.wikipedia.org/wiki/MONU_(magazine),,,
Q799092,Badische Neueste Nachrichten,https://en.wikipedia.org/wiki/Badische_Neueste_Nachrichten,,,
Q804491,Blikk,https://en.wikipedia.org/wiki/Blikk,https://www.glassdoor.com/Reviews/%C3%98y-Blikk-Reviews-E2564162.htm,,
Q806491,Bangkok Post,https://en.wikipedia.org/wiki/Bangkok_Post,https://www.glassdoor.co.uk/Reviews/Bangkok-Post-Reviews-E2014630.htm,,
Q810423,Baslerstab,https://en.wikipedia.org/wiki/Baslerstab,,,
Q812061,Bay Area Reporter,https://en.wikipedia.org/wiki/Bay_Area_Reporter,,,
Q814052,Beeld,https://en.wikipedia.org/wiki/Beeld,,,
Q815527,Jyllands-Posten,https://en.wikipedia.org/wiki/Jyllands-Posten,https://www.glassdoor.com/Reviews/Jyllands-Posten-Reviews-E2191799.htm,,
Q815748,L’Équipe,https://en.wikipedia.org/wiki/L%27%C3%89quipe,https://www.glassdoor.com/Reviews/l-equipe-Reviews-E1132942.htm,,
Q819558,Bergens Tidende,https://en.wikipedia.org/wiki/Bergens_Tidende,,,
Q819697,Handelsblatt,https://en.wikipedia.org/wiki/Handelsblatt,https://www.glassdoor.com/Reviews/Handelsblatt-Reviews-E862463.htm,,
Q820908,Juventud Rebelde,https://en.wikipedia.org/wiki/Juventud_Rebelde,,,
Q821172,RIA Novosti,https://en.wikipedia.org/wiki/RIA_Novosti,https://www.glassdoor.com/Reviews/RIA-Novosti-Reviews-E489258.htm,,
Q824451,Boston Globe,https://en.wikipedia.org/wiki/The_Boston_Globe,https://www.glassdoor.com/Reviews/The-Boston-Globe-Reviews-E156351.htm,,
Q827097,Berria,https://en.wikipedia.org/wiki/Berria,,,
Q828388,Al-Watan,https://en.wikipedia.org/wiki/Al_Watan_(Saudi_Arabia),https://www.glassdoor.com/Reviews/AlWatan-TV-Reviews-E1301467.htm,,
Q831259,Fraye Arbeter Shtime,https://en.wikipedia.org/wiki/Fraye_Arbeter_Shtime,,,
Q833881,Southern Metropolis Daily,https://en.wikipedia.org/wiki/Southern_Metropolis_Daily,,,
Q835669,The News International,https://en.wikipedia.org/wiki/The_News_International,https://www.glassdoor.com/Reviews/News-International-Reviews-E10205.htm,,
Q836901,Rimjin-gang,https://en.wikipedia.org/wiki/Rimjingang,,,
Q83737,Media Indonesia,https://en.wikipedia.org/wiki/Media_Indonesia,,,
Q840965,Dnestrovskaya Pravda,https://en.wikipedia.org/wiki/Dnestrovskaya_Pravda,,,
Q844490,Wen Wei Po,https://en.wikipedia.org/wiki/Wen_Wei_Po,https://www.glassdoor.co.uk/Reviews/Wen-Wei-Po-Reviews-E2984246.htm,,
Q847922,Taraf,https://en.wikipedia.org/wiki/Taraf,,,
Q848935,Racing Post,https://en.wikipedia.org/wiki/Racing_Post,https://www.glassdoor.com/Reviews/Racing-Post-Reviews-E703533.htm,,
Q849047,Komsomolskaya Pravda,https://en.wikipedia.org/wiki/Komsomolskaya_Pravda,,,
Q851422,China Daily,https://en.wikipedia.org/wiki/China_Daily,https://www.glassdoor.com/Reviews/China-Daily-Reviews-E340518.htm,,
Q85329,la Repubblica,https://en.wikipedia.org/wiki/La_Repubblica,https://www.glassdoor.com/Reviews/La-Repubblica-Reviews-E3090186.htm,,
Q858121,Le Monde diplomatique,https://en.wikipedia.org/wiki/Le_Monde_diplomatique,https://www.glassdoor.com/Reviews/Le-Monde-diplomatique-Reviews-E249186.htm,,
Q861764,CBS News,https://en.wikipedia.org/wiki/CBS_News,https://www.glassdoor.com/Reviews/CBS-News-Reviews-E150855.htm,,
Q862148,Star Tribune,https://en.wikipedia.org/wiki/Star_Tribune,https://www.glassdoor.com/Reviews/Star-Tribune-Reviews-E4079.htm,,
Q863244,Yoldash,https://en.wikipedia.org/wiki/Yoldash,,,
Q863351,Utusan Malaysia,https://en.wikipedia.org/wiki/Utusan_Malaysia,https://www.glassdoor.com/Reviews/Utusan-Group-Reviews-E617903.htm,,
Q864960,BirGün,https://en.wikipedia.org/wiki/BirG%C3%BCn,https://www.glassdoor.com/Reviews/BirG%C3%BCn-Gazetesi-Reviews-E2517847.htm,,
Q870221,Tribune de Genève,https://en.wikipedia.org/wiki/Tribune_de_Gen%C3%A8ve,,,
Q870443,Die Weltwoche,https://en.wikipedia.org/wiki/Die_Weltwoche,,,
Q874582,Der Nordschleswiger,https://en.wikipedia.org/wiki/Der_Nordschleswiger,,,
Q875081,Hakikat,https://en.wikipedia.org/wiki/Hakikat,,,
Q876158,Village Voice,https://en.wikipedia.org/wiki/The_Village_Voice,https://www.glassdoor.com/Reviews/Village-Voice-Reviews-E7004.htm,,
Q876479,WirtschaftsBlatt,https://en.wikipedia.org/wiki/WirtschaftsBlatt,https://www.glassdoor.co.uk/Reviews/WirtschaftsBlatt-Reviews-E1190028.htm,,
Q878108,Clarín,https://en.wikipedia.org/wiki/Clar%C3%ADn_(Argentine_newspaper),https://www.glassdoor.com/Reviews/Clarins-Reviews-E10680.htm,,
Q882590,Direkte Aktion,https://en.wikipedia.org/wiki/Direkte_Aktion,,,
Q883880,Blesk,https://en.wikipedia.org/wiki/Blesk,,,
Q883987,Blic,https://en.wikipedia.org/wiki/Blic,,,
Q883988,Blick am Abend,https://en.wikipedia.org/wiki/Blick_am_Abend,,,
Q886181,The Jewish Chronicle,https://en.wikipedia.org/wiki/The_Jewish_Chronicle,https://www.glassdoor.co.uk/Reviews/The-Jewish-Chronicle-Reviews-E1393334.htm,,
Q889935,The Dallas Morning News,https://en.wikipedia.org/wiki/The_Dallas_Morning_News,https://www.glassdoor.com/Reviews/Dallas-Morning-News-Reviews-E119315.htm,,
Q892935,El Observador,https://en.wikipedia.org/wiki/El_Observador_(Uruguay),,,
Q893337,Borba,https://en.wikipedia.org/wiki/Borba_(newspaper),,,
Q894617,Bota Sot,https://en.wikipedia.org/wiki/Bota_Sot,,,
Q896460,Freie Presse,https://en.wikipedia.org/wiki/Freie_Presse_(Saxony),,,
Q896716,Unsere Zeit,https://en.wikipedia.org/wiki/Unsere_Zeit,,,
Q896978,Passauer Neue Presse,https://en.wikipedia.org/wiki/Passauer_Neue_Presse,https://www.glassdoor.co.uk/Reviews/Frankfurter-Neue-Presse-Reviews-E1114667.htm,,
Q897246,Népszava,https://en.wikipedia.org/wiki/N%C3%A9pszava,,,
Q897968,SME,https://en.wikipedia.org/wiki/SME_(newspaper),https://www.glassdoor.com/Reviews/SME-Reviews-E329687.htm,,
Q898393,Magyar Hírlap,https://en.wikipedia.org/wiki/Magyar_H%C3%ADrlap,,,
Q898833,Népszabadság,https://en.wikipedia.org/wiki/N%C3%A9pszabads%C3%A1g,,,
Q902507,Il Gazzettino,https://en.wikipedia.org/wiki/Il_Gazzettino,,,
Q904463,Ukrayinska Pravda,https://en.wikipedia.org/wiki/Ukrayinska_Pravda,,,
Q904670,Shizuoka Shimbun,https://en.wikipedia.org/wiki/Shizuoka_Shimbun,,,
Q904678,Chunichi Shimbun,https://en.wikipedia.org/wiki/Chunichi_Shimbun,,,
Q905507,Birobidzhaner Shtern,https://en.wikipedia.org/wiki/Birobidzhaner_Shtern,,,
Q906959,Chugoku Shimbun,https://en.wikipedia.org/wiki/Chugoku_Shimbun,,,
Q907090,Point24,https://en.wikipedia.org/wiki/Point24,,,
Q907792,Hokkaido Shimbun,https://en.wikipedia.org/wiki/Hokkaido_Shimbun,,,
Q909209,El Comercio,https://en.wikipedia.org/wiki/El_Comercio_(Ecuador),,,
Q913303,El Diario Vasco,https://en.wikipedia.org/wiki/El_Diario_Vasco,https://www.glassdoor.com/Reviews/EL-DIARIO-VASCO-Reviews-E1056236.htm,,
Q917338,The Dominion Post,https://en.wikipedia.org/wiki/The_Dominion_Post_(Wellington),https://www.glassdoor.com/Reviews/The-Dominion-Post-Reviews-E138667.htm,,
Q917580,Marca,https://en.wikipedia.org/wiki/Marca_(newspaper),,,
Q920043,Xtra!,https://en.wikipedia.org/wiki/Daily_Xtra,https://www.glassdoor.com/Reviews/XTRA-Reviews-E746.htm,,
Q921095,The Phnom Penh Post,https://en.wikipedia.org/wiki/The_Phnom_Penh_Post,https://www.glassdoor.com/Reviews/The-Phnom-Penh-Post-Reviews-E2517701.htm,,
Q921217,El Mundo,https://en.wikipedia.org/wiki/El_Mundo_(Spain),https://www.glassdoor.com/Reviews/El-Mundo-Newspaper-Reviews-E263496.htm,,
Q921655,Ta Nea,https://en.wikipedia.org/wiki/Ta_Nea,,,
Q922150,Pester Lloyd,https://en.wikipedia.org/wiki/Pester_Lloyd,,,
Q923193,Les Échos,https://en.wikipedia.org/wiki/Les_Echos_(France),https://www.glassdoor.com/Reviews/Les-Echos-Reviews-E1132974.htm,,
Q923353,La Stampa,https://en.wikipedia.org/wiki/La_Stampa,,,
Q924512,Diena,https://en.wikipedia.org/wiki/Diena,,,
Q924518,La Voz del Interior,https://en.wikipedia.org/wiki/La_Voz_del_Interior,,,
Q926175,The Hindu,https://en.wikipedia.org/wiki/The_Hindu,https://www.glassdoor.com/Reviews/The-Hindu-Reviews-E460847.htm,,
Q927372,Magyar Demokrata,https://en.wikipedia.org/wiki/Magyar_Demokrata,,,
Q928635,Kingston Whig-Standard,https://en.wikipedia.org/wiki/The_Kingston_Whig-Standard,,,
Q933854,El País,https://en.wikipedia.org/wiki/El_Pa%C3%ADs_(Uruguay),https://www.glassdoor.co.uk/Reviews/EL-PA%C3%8DS-Reviews-E1182706.htm,,
Q934347,Indigo Publications,https://en.wikipedia.org/wiki/Indigo_Publications,,,
Q935823,Právo,https://en.wikipedia.org/wiki/Pr%C3%A1vo,,,
Q938126,Firat News Agency,https://en.wikipedia.org/wiki/Firat_News_Agency,,,
Q941351,Honolulu Star-Advertiser,https://en.wikipedia.org/wiki/Honolulu_Star-Advertiser,https://www.glassdoor.com/Reviews/Honolulu-Star-Advertiser-Reviews-E1378820.htm,,
Q943619,Glas Srpske,https://en.wikipedia.org/wiki/Glas_Srpske,https://www.glassdoor.co.uk/Reviews/Glas-Srpske-Reviews-E2341025.htm,,
Q946127,The Russian Public Opinion Herald,https://en.wikipedia.org/wiki/The_Russian_Public_Opinion_Herald,,,
Q946165,Origo,https://en.wikipedia.org/wiki/Origo_(website),https://www.glassdoor.co.uk/Reviews/Origo-Reviews-E2322545.htm,,
Q946366,Nezavisimaya Gazeta,https://en.wikipedia.org/wiki/Nezavisimaya_Gazeta,,,
Q948316,Feral Tribune,https://en.wikipedia.org/wiki/Feral_Tribune,,,
Q950333,The Jewish Week,https://en.wikipedia.org/wiki/The_Jewish_Week,https://www.glassdoor.com/Reviews/The-Jewish-Week-Reviews-E786696.htm,,
Q951167,Standart,https://en.wikipedia.org/wiki/Standart_(newspaper),,,
Q952554,LA Weekly,https://en.wikipedia.org/wiki/LA_Weekly,https://www.glassdoor.com/Reviews/LA-Weekly-Reviews-E260400.htm,,
Q954232,Gândul,https://en.wikipedia.org/wiki/G%C3%A2ndul,,,
Q958931,Valor Econômico,https://en.wikipedia.org/wiki/Valor_Econ%C3%B4mico,https://www.glassdoor.co.uk/Reviews/Employee-Review-Valor-Econ%C3%B4mico-RVW13109568.htm,,
Q961669,Chicago Defender,https://en.wikipedia.org/wiki/The_Chicago_Defender,https://www.glassdoor.com/Reviews/Chicago-Defender-Reviews-E746853.htm,,
Q962388,Winston-Salem Journal,https://en.wikipedia.org/wiki/Winston-Salem_Journal,https://www.glassdoor.com/Reviews/Winston-Salem-Journal-Reviews-E977813.htm,,
Q964945,Rue89,https://en.wikipedia.org/wiki/Rue89,,,
Q9684,The New York Times,https://en.wikipedia.org/wiki/The_New_York_Times,https://www.glassdoor.com/Reviews/New-York-Times-Reviews-E960.htm,,
Q970443,Global Times,https://en.wikipedia.org/wiki/Global_Times,https://www.glassdoor.com/Reviews/Global-Times-Reviews-E385627.htm,,
Q970454,Times Colonist,https://en.wikipedia.org/wiki/Times_Colonist,https://www.glassdoor.co.uk/Reviews/Times-Colonist-Reviews-E917278.htm,,
Q970729,O Globo,https://en.wikipedia.org/wiki/O_Globo,https://www.glassdoor.co.uk/Reviews/O-Globo-Reviews-E1263154.htm,,
Q972617,Whitehorse Star,https://en.wikipedia.org/wiki/Whitehorse_Star,,,
Q972959,Journal & Courier,https://en.wikipedia.org/wiki/Journal_%26_Courier,,,
Q974931,Sport Express,https://en.wikipedia.org/wiki/Sport_Express,,,
Q976407,Le Monde libertaire,https://en.wikipedia.org/wiki/Le_Monde_libertaire,,,
Q978676,Bangalore Mirror,https://en.wikipedia.org/wiki/Bangalore_Mirror,,,
Q984153,Diário Económico,https://en.wikipedia.org/wiki/Di%C3%A1rio_Econ%C3%B3mico,,,
Q987846,PLA Daily,https://en.wikipedia.org/wiki/People%27s_Liberation_Army_Daily,,,
Q991826,Politico Europe,https://en.wikipedia.org/wiki/Politico_Europe,https://www.glassdoor.co.uk/Reviews/Politico-Reviews-E386123.htm,,
Q998298,Den Neie Feierkrop,https://en.wikipedia.org/wiki/Den_Neie_Feierkrop,,,